詞條,解釋
阿爸,稱呼父親。
阿姆,稱呼母親。
阿哥,稱呼兄長。
阿姊,稱呼姊姊。
阿公,稱呼祖父
阿婆,稱呼祖母
阿太,稱呼曾祖父或曾祖母。
阿阿膩膩,謂說話不乾脆、不果決的樣子。
鴨子,小鴨。
鴨公,雄鴨。
鴨嫲,母鴨。
鴨卵,鴨蛋。
鴨春,鴨蛋。
挨尸磨骨,形容做事拖拖拉拉，慢吞吞的。
矮細,矮小。
矮仔,喻個子矮小。
矮仔,形容矮而行動笨拙的樣子。
矮仔,矮而笨重的樣子。
矮墩墩仔,又矮又胖的樣子。
暗暗,很暗的樣子。
暗傷,內傷。
暗想,暗中思想。
暗錢,不正當取來的錢。
暗溝,暗地裡發出的箭。
暗霜,加蓋掩覆的水溝。
暗暗仔,暗中進行。
暗晡夜,今天晚上。
暗晡頭,夜晚，晚間。
暗摸摸仔,1.形容很暗。2.謂不清楚事物的情況。
暗摸胥疏,黑漆漆的，形容黑暗不明。
暗摸叮咚,形容漆黑一片。
盦盦覆,俯臥。
恁早,1.那麼早。2.問候語，猶如國語的「早安」。
恁奀,那麼難看。
恁歪,那麼壞或那麼自私。
恁爽,那麼舒適豪華。
恁會,那麼能幹。
恁衰,如此倒楣。
恁拶,這般擁擠或密集。
恁豺,這般饞嘴。
恁猴,這麼精。
恁賤,指小孩喜歡東摸西摸，靜不下來。
恁,很累。
恁悿,很疲憊。
恁靚,很漂亮。
恁仔細,道謝的用語。
恁會早,1.早晨見面問候早安的話。
盎冷,謂不知變通的人。
盎頭甕缽,泛指陶製的各種容器。
詏數,為所記之賬目爭辯。
詏嘴,吵嘴。
拗蠻,很，非常。
霸等,佔據著。
巴掌嫲,手掌。
疤疤,形容有疤痕。
背鑊,喻駝背，如人背上揹著鍋子。
把扼,把握。
把等,攔住，遮擋著。
八隻手,本義形容人很能幹，通常用在奚落人的能力時。
伯公,土地公，民間福德祠
伯婆,1.土地婆。2.伯祖母。
伯公太,伯曾祖父。
百籃肚,食量大，謂貪吃、好吃。
百番底,言非常徹底。
擘嘴擘鼻,打呵欠，疲倦的樣子。
拜喏,兩手合十置於胸前上下拜，表示對鬼神的敬意。
擺擺,每次、回回。
擺靚,只擺著好看，無實質意義。
擺把仔,偶爾一兩次。
半析,半片。
半生死,1.要死不活。
半生熟,半生不熟。
半相送,以半價優惠予人。
半桶水,喻學藝不精專，一知半解的人。猶言「半調子」。
半站仔,中間的地方。
半駁仔,中間的段落。
半頭青,謂尚未成熟的青少年。
半肥腈,謂有瘦又有肥的肉。
半閹陽,謂男人有女性化或女人有男性化的人。
半槽米,謂不精實的穀粒。
半鹹淡,不鹹不淡的味道。
半憨痴,謂處世不甚認真，放蕩不正經。
半斤八兩,謂兩相對等，不相上下。
半闌站仔,謂工作做了一半尚未完成。
半出半入,一半在外一半在內。
半真半假,似真似假，真假相混。
半攔半出,有的留住了，有的卻溢出了。
半離半粲,指事情做到半途尚未完成。
半晝半暗,指上午九、十點或下午三、四點的時候。
半晝前後,謂十點左右的時候。
半尷不尬,謂事情進行到一半就停下來，變成進退不得的情況。
扳等,按著，扶著。
繃紅,形容很紅。
繃緪,形容很緊。
繃雄,形容很有精力。
挷工,騰出時間來。
挷山,抄捷徑。
挷相,短期間脛骨變長，身體明顯長高的生長狀況。
挷降,謂久不下雨。
挷縫,1.裂開，造成縫隙。2.抽空。
挷衫尾,喻跟隨人後。
挷皮扯瘌,謂皮膚緊縮撕裂傷口的疼痛。
挷挷扯扯,相互拉扯糾纏不清。
挷工挷工仔,抽出時間來。
挷刪挷刪仔,約略約略。粗略處理事情的樣子。
蹦猋,跳腳。如「譴到蹦猋」。
蹦跳,跳腳。
包揫揫,1.全包了。通通被一人包去。2.把頭臉、身體包裹得密不通風。
包微微,包得緊緊的。
包塞塞,包得密密的。
包包攝攝,包包藏藏的意思。
包山塞海,形容很多，多得把山都包住，
包食包著,管吃管穿，負責衣食兩方面的開銷。
胞衣跡,指出生地。先民將嬰兒出生時的胎盤埋在住家附近，故稱「胞衣跡」為出生地。
飽飽,1.肚子還不餓。
飽年飽節,過年過節很有吃的時候。
飽仔,形容吃得很飽的樣子。
比比,兩者並排一齊。
崩崗,懸崖。
崩巖,懸崖。
崩岡屻,猶說「山崩石落」。
比背,人群密擠，摩肩擦背。
比利啵囉,形容人群或動物紛亂雜沓奔跑的樣子。
痺痺,痲痲，肢體失去感覺的樣子。
碑石,石碑、墓碑。
裨裨接接,形容接接補補。
秕秕,醍糊狀。
陂塘,蓄水灌溉的池塘。或作「埤塘」。
陂圳,堤堰與溝渠。如「開陂作圳」。
陂頭,用來阻隔水流以引到別處的堤壩。
飛籮拔觜,形容家禽的飛躍翔舞。
壁直,筆直。
壁竳,如牆壁一般的直立著。
摒摒頓頓,以摔器物來表達心中不滿的情緒。
湢湢跳,蹦蹦跳。
湢湢滾,喻活潑靈敏。
愊愊掣,因恐懼而發抖。
必必,裂開貌。
必析,裂開成片。
必痕,裂痕。
必縫,裂縫。
必壢,裂開成溝痕。
必籬必絲,形容龜裂的樣子。
必壢必壢,形容嚴重龜裂。
扁扁,形容東西扁平。
並並絆絆,相互牽連阻礙的樣子。
兵挷齒扯,1.形容忙得不可開交的樣子。2.形容經濟非常拮据的樣子。
奮奮綻,一直想掙脫的樣子。
放人,1.用符咒蠱害人。2.釋放人。
放紅,殺雞鴨豬羊時，讓體內的血瀝出。
放竳,小孩徒手無依學習站立。
放聊,休息，放假。
放晝,在中午時刻放下工作。
放槓,放下竹槓停止工作。竹槓是挑擔的工具。
放轉,放工或放學回家
踣踣滾,形容人馬雜遝。
波螺皺,漩渦。
踣踣跌,行走不穩常跌倒。
發子,懷孕。
發鹵,謂皮膚長瘡疽。
發病,生病。
發夢,作夢。
發,患氣喘病。
發媱,發情，又引伸為淫蕩。
發蟲,長蟲子。
發閼,內心有怨不得宣洩而積悶於心。
發瘟,發瘟疫，是一種急性傳染病。
發大水,發生水災。
發尿積,患頻尿症。
發風颸,刮颱風。
發屎驚,驚悸在心，全身發抖起雞皮疙瘩。又說成「發尸驚」。
發肉雄,發情，或說精力過剩無處發
發㤕愕,發呆，發愣。
發杈杈仔,形容很富有。
發風落雨,刮風下雨，形容天氣惡劣。
發發癤,是說皮膚長瘡癤。
煙,吸煙，抽煙。
哱微,形容完全密封
哱塞,形容完全堵住。
哱哱猋,跳動不止的樣子。
背後,後面。
背尾,事後，後面。
背是非,在人背後搬弄是非。
背弇弇,背部彎曲的樣子。
背拑拑,背部彎曲的樣子。
背拱拱,背部拱起的樣子。
背寒寒,背部微駝的樣子。
背踗踗,駝背前進的樣子。
背蝦蝦,形容背像蝦背一樣，彎彎的。
背傴傴,彎腰駝背。又寫作「背痀痀」。
背翕翕,肩下垂胸部內收的駝背樣子
傍菜,配菜而食。
傍酒,配酒而食。
傍飯,配飯而食。
布布,像布一樣粗糙的感覺。
晡晡,每天晚上。
娘,妻子。
潾,嬰兒吐出口沫。
哱出,液體從地底或容器裡湧出來。
哱泡,湧出泡沫。
不人,數落人的不是。
不見奇,不見得奇特、高明。
不褡不膝,既不是肚兜也不是護膝帕。
抔綻朘,掏出陰莖、露出龜頭。指粗
腹內,指動物的內臟。
笨筍,肥嫩的樣子。
笨笨,豐腴的樣子。
本本,依舊、依然。
本成,本來，原來。
本旦,本來，原本。是「本底」的變音。
本底,原初，原本。
本德,猶言「本事」。
本本仔,原封不動。
車頭,1.車站。2.車的前部。
車嫲,即火車頭，帶動列車廂走的動力車。
車打車,形容很多，整車整車的。
茶米,經焙製完成之茶葉。
茶箍,用茶樹果實榨油所餘殘渣，做成圓餅狀物，可用以洗滌，猶今之肥皂。
茶炙仔,用來煮茶的茶壺。
插齊,很齊全或很整齊。
掣著,觸電。
掣仔鞋,拖鞋。
柵陣,從隊伍中區隔出。
柵格仔,隔離成一格一格。
柵間仔,隔間。
拆陣,分離隊伍。
拆數,給付所欠之錢。
拆錢,給付所欠之錢。
拆債,償還所欠之債。
赤牛,黃牛。
赤赤,暗紅色或赤褐色。
赤腳馬踏,赤腳，光著腳。
在在,穩當，不慌亂。
裁棚,事前的準備。
踩踩踏踏,猶言躑躅，猶疑不決的樣子。
僭菜,形容菜餚豐盛。
參人,向人身上撲去。
綻綻,開展的樣子。
撐腿,因勞累而使腿部肌肉僵化。
躁火,中醫病名．火氣上身。
躁躁,煩躁不安貌。如「心肝躁躁」。
躁光蟲,喻起得早的小孩。
躁光狗,同「躁光蟲」。
操持,勤勞(形容詞)。
吵耳吵鼻,形容聲音吵人。
吵耳塞鼻,形容聲音很吵。
脆脆,物質易碎裂。
濟錢,以錢價抵換。
媸媸,行為放浪不檢的樣子。
媸嫲,指用情浮濫的女人，與「臊牯」對稱。
湊雙,成雙，合成雙數。
湊單,成奇數。
瘦夾夾仔,形容很瘦的樣子。
瘦羌瘦羌,形容身子細瘦。
瘦縮瘦縮,形容身子細瘦。
瘦狗多鹵,瘦弱的狗特別多毛病。
瘦皮邋𨒇,營養不良，容顏瘦弱不堪。
憔憔,枯槁瘦病的樣子。
飼乳,餵奶，用於無法自食而須人助之者。
飼飯,餵飯，用於無法自食而須人助之者。
痴哥,謂男子好女色。
痴痴呆呆,形容癡呆狀。
痴哥沷沷,形容男子很好女色的德性。
直白,猶如乾脆、單純。
直直,形容線條很直或人的性格憨厚。
直直上,一直往上行。
直直落,直入。
直打直吹,喻說話直截了當，不隱諱與拐彎抹角。
直腸直肚,喻做人直爽，沒有心機。
沉水,把他浸入水中。
深落,指房子之縱深度。
深更夜靜,夜深人靜。
深潭磬碽,指潭水極深，擲石有聲。
沉毒,陰毒。
沉頭沒利,本金與利息都虧掉了。
陣打陣,一陣一陣的、一隊一隊的。
陣陣上,越來越囂張。
陣陣腦上,越來越有興致
塵灰,灰塵。
座酒,溫酒，將酒放置於熱水中使之變熱。
座湖,在低窪地。
座定敗,一定輸，居輸的一面。
座定贏,一定贏，居贏的一面。
座後背,在後面。
座背後,在後頭。
座頭前,在前頭。
座背尾,在後頭。
座落尾,殿後。
座頂高,在上方。
座贏面,取得贏的一邊。
坐桌,入餐席
坐涼,坐下來乘涼。
坐聊,坐下來休息。
昨晡日,昨天。
草弄弄仔,形容雜草叢生。
啜嚼,挑剔。
啜粥罅湯,謂粥稀得只能吸飲、湯中淡得無一物，喻飲食之簡薄。
撮人,耍伎倆騙人。
撮假,1.以虛假騙人。2.粗陋敷衍。
撮手花,在人前耍手技。
撮目花,1.假寐。2.同「撮眼花」。
撮眼花,乘人不備時動手腳。
著驚,受驚。
鑿空鬥榫,互相串通，連合做事。
亍上亍下,沒有目的地閒逛。
脆脆,形容很脆易斷裂的樣子。
衰過,可憐。
才調,才幹、能力。
彩頭,開頭的運氣。
賺食,1.謀生活。2.指女人操賤業以謀生。
賺衰,猶言好心沒好報。
賺暢,謂僅得到快樂而無實質收益。
賺肉痛,猶言平白受到皮肉之痛。
賺食碗,指謀生的工具。
穿空打漏,容殘破得孔孔洞洞。
撞走,迷路、走失。
撞差路,走錯路。
丈公,姑的丈夫或姨祖父。
丈人老,岳父。
丈人𡟓,岳母。
長透,經常，長時間如此。
長尸胐,是說一坐就坐得很久，不會立即離開的人。
長繞繞仔,悠長貌。常用來形容時間還很足的狀況。
長纜纜仔,很長的樣子。
長衫聊跳,形容悠遊清閒。
臭臭,1.形容氣味很臭。
臭沊,浸在水中過久而發出的臭味。
臭封,淹漬的蔬菜類封裝在瓶甕中，因腐敗而發出的臭味。
臭青,生青草或蔬菜味。
臭黃,蔬果過熟的氣味。
臭羴,有異樣氣味。
臭俗,俗不可耐。(xiog)音來自閩南語。
臭翕,物品受潮悶出發臭的氣味。
臭臭曷,身上發出的一種怪異臭味。
臭臊,動物身上發出的臭味。
臭腥,腥臭味。
臭餿,食物陳腐的臭味。
臭殕,物因潮濕而生的霉味。
臭戇羴,有傻子的氣味。是說吃了人家
臭肨肨仔,形容臭氣沖天。
臭臊扡蟹,形容人滿身腥臭。
臭青臭青,有很重的生草或生菜味。
臭翕臭翕,物品有很重的因受潮悶而發臭的氣味。
臭頭瘌刻,人的頭上如果長了疥癬之後常留下坑坑洞洞的疤痕，就叫「臭頭瘌刻」。「瘌刻」是說疤痕纍纍、凹凹洞洞不平整的樣子。
臭臊吧咘,形容騷臭味沖人鼻子。
粗鱗鱗仔,形容表面粗糙不堪。
粗傢硬伙,指粗重的家庭用具。
抽筋縮脈,謂病得痛苦萬分狀。
抽胲另命,猶言嘶聲力竭。
出丁,謂生男很多。
出子,鳥類孵出幼鳥謂出子。
出山,1.出殯。2.離開山林。
出心,形容奉獻心力。
出桌,把菜端出桌，準備開筵。
出煞,請和尚作法請走煞神。
出差世,罵人出錯世，投錯胎。
墜墜,下垂貌。如「下身墜墜」。
墜氣,疝氣，又稱小腸氣。
皴皴,形容平整沒有皺紋。
皴紋,神色泰然，沒有憂慮或不滿，即臉上沒有不悅的皺紋。
春光,發展，發榮。
衝林,謂林木高聳茂密。
衝新,形容極新。
衝新砉爛,東西雖然還很新，卻已破爛不堪。喻中看不中用。
銃子,子彈。
銃仔,槍。
重輕,1.輕重。2.憂煩之所在。
重鈂鈂仔,沉甸甸的樣子。
重跕跕仔,形容很重的樣子。
塚埔,墳墓所在的地方。
喋喋滾,誇言貌。
打子,指植物結果實。
打平,平著放。
打井,鑿井。
打石,雕刻石頭的工作。
打合,商量、洽商。
打早,一大早。
打屁,放屁。
打卵,1.魚類、昆蟲產卵。
打索,編製繩索。
打忸,因受驚嚇所引起的寒顫。
打洽,會商；也作「打合」。
打直,直著。
打門,開門。
打租,訂定租額，收租。
打稅,訂定稅額，收稅。
打單,買票。
打,小孩學站立。
打,直著，豎直。
打衊,1.弄髒。2.沾惹到。
打彳亍,到處遊蕩閒逛。指無所事事的人。
打冇訕,閒談。
打冇嘴,空口說白話，只是說說不經腦袋思索的情形。
打白行,白走一趟。
打白講,坦白說。
打孔翹,物體不平穩，傾斜搖動。
打宕窿,錯過，沒有交集。
打出本,倒貼出本金。
打包尾,殿後。
打卵退,喻後退，如「蝦公打卵退」。
打逆面,因起衝突而互不往來。
打鬥敘,幾個人聚在一起打牙祭。
打渾吞,囫圇吞棗。
打淨食,只吃一種食物，不配其他食物或佐料的吃法。
打吃惇,起寒顫。
打惄忸,因吃驚所起的寒顫。
打頓屈,一種耍賴不認賬的行動。
打倒,仰倒。
打詏嘴,彼此爭論，口角。
打詏撬,兩人因意見不合而發生爭執。
打風馳,指夏季的驟雨，來時快，去得也快。
打嘴鼓,聊天。
打賬仔,故意找碴坑人。
打狗跏,像狗一樣曲腿蜷身躺著。
打眼拐,1.互相以眼神示意。2.以眼神勾引異性，即是「拋媚眼」。
打飯銃,吃飯時，因食物嗆到氣管而噴出飯菜的現象。
打觔斗,低頭前滾翻，又說「種觔斗」。
打糾股,繩索扭轉過份而自纏的樣子。
打暗摸,在暗中摸索東西，引申為在黑暗中工作。
打盦覆,臉朝下胸貼地伏著。
打潑賴,耍賴，耍脾氣。
打腳偏,行走時，腳力不支，偏頗搖晃。
打衊手,弄髒了手。
打衊嘴,弄髒了嘴巴。
溚渧,濕漉貌，不乾淨。引申為做事不乾脆。常用在負面，說人的舉止不莊重。
溚濕,濕透了。
溚澇,濕透了。
溚溚渧渧,濕漉漉的樣子，不乾淨貌。
搭碓,喻搭配得很好，很有意思。
貼貼,緊貼在地的意思。如「橫到貼貼」。
貼簝,謂密合、貼緊。
貼蓆,緊貼著草蓆。
貼秤頭,買賣肉類斤兩不足時，附加上使足夠的部分。引申為本體以外所加的添加物。
的對,確實正確。
的著,被如捕獸器之類的機關逮住了。
帶行帶走,指連走帶跑。
帶嚇帶罵,又嚇又罵。
帶壞帶樣,指破壞成例，作不良示範。
帶嚇帶嚇仔,語帶恐嚇。
帶帶仔,把東西給人或要人做事採半逼迫方式。
低湖,稱低窪之地。
低瓤,低窪地區。
擔竿,扁擔。
擔硬,吃苦，忍受艱苦。
澹澹汀汀,1.滴水貌。2.物件成一條一條地向下垂貌。
膽膽大,安慰小孩膽子大一點，不用驚恐的話。
膽在在,謂心定沉著。
單淨,僅僅，唯獨。
旦旦,多半。
旦勢,多半。
,特地。
工,專程。
,1.堅立貌。2.指陰莖勃起。3.形容小孩細瘦發育不良的樣子。
頂碓,以言語作弄他人。
頂頂碓碓,指說話或做事顛三倒四或遺忘。
著著,沾染到汁液。
喋喋滾,誇言貌。也說（dadagùn）。
短舌,說話結巴的樣子，就是國語的「大舌頭」。
淂淂仔,指水量微沾而不滿的樣子。
得人畏,令人害怕。
得人惜,令人憐愛。
得人惱,令人討厭。
得人驚,令人懼怕。
燈對,很相配，如燈綵神燈之成雙成對。
竳竳,直立貌。
竳線,合乎標準，形容漂亮。
等路,禮物。
鬥站,湊成一個段落。
鬥股,出資合夥。
鬥桌,人數湊成一桌。
鬥陣,湊成一夥。
鬥當,人家不要而勉強要人接受。
鬥雙,湊成一雙。
鬥頭,1.相對等的一方。
鬥擔,湊成一擔。
鬥對,湊成雌雄一對。
鬥緊,心想急著完成。
鬥當人,主動要求別人接受。
鬥鬧熱,湊熱鬧。
兜等,端著。
兜尿,抱小孩解放小便。
兜屎,抱小孩解放大便。
兜腳,1.抬人的腳，使人站不穩。
締碓,形容言語糾纏
知知,明明知道。
知得,1.明瞭。2.若知道的話。
知腹,知心。
知種,瞭解內情。又作「知總」。
知人性,有人性，知道人的情性。
知人我,懂事。
裡肚,裡面。
裡背,裡面。
蹀蹀,小孩學走路的樣子。
貼貼,緊貼著。
的著,被機關陷阱逮著了。
點仁,點狀播種。
點種,1.點狀播種。
恬靜,寂靜。
恬索索,形容靜寂的樣子。
恬靜恬靜,寂靜的樣子。
恬恬靜靜,安安靜靜，形容很寂靜。
恬風息氣,是說風與空氣都呈現靜止狀態。
吊頸,自縊。
鳥子,幼鳥，小鳥。
鳥公,公鳥，雄鳥。
鳥嫲,母鳥
著著,被某物扣住了。
著著,穩固的樣子。
適願,滿足癮頭的快感。又說「頂願」。
得失人,對人有所虧欠。
跌馬,指火車、門窗等脫軌。
跌崁,指高低位落差。
跌價,價錢下降。
跌陣,脫隊，跟不上隊伍，落在隊伍之後。
跌齾,刻度落差。
跌巖,地平落差。
癲牯,指瘋男子。
癲嫲,指瘋婆子。
癲癲,形容人的言行偏離常軌。
癲頭雞,喻做事亂來的人。
癲癲,神智不甚清醒貌。
頂崠,山之最高點。
頂香火,謂承繼家族血脈。
頂香煙,謂承繼家族血脈。
掙人,以一種為難人或向人撒嬌的手段達成目的。
掙價,以各種技倆索取更有利的價錢。
掙掙掣掣,以時而要時而不要的方式向人要脅，以達目的。
長錢,存留錢財。
長著,賸餘的，殘存的。
丟竹,形容速度極快。
丟苦,形容味道極苦。
丟韌,形容堅韌。
丟丟滴滴,1.團團轉的樣子。
丟籬橫壁,謂零亂沒有收拾。
丟鑼鼓,謂演戲結束了。喻工作結束。也說「丟鑼息鼓」。
丟酸,形容味道極酸。
到到,1.每次。
倒反,相反，顛倒。
倒汗,水蒸氣在壁上或容器中凝成水滴的現象，像冒汗一般。
倒找,倒貼。見「背囊項爪癢」條。
倒草,草食性動物反芻。
倒漀,容器顛倒過來。
倒貶,裡外倒反。
倒蝕,不增反減。
倒胲,用壺罐等容器倒水時，水不從壺口噴出而從壺嘴沿邊流下的情況。
倒合齒,指下巴牙床在上額牙床外的齒槽，一般人的齒槽上額在外下額在內。
倒襛水,溪河裡水流到較平坦的地方所形成的迴旋水流。
倒襛窟,溪河裡迴旋水流所形成的水潭。
倒襛角,溪河裡迴旋水流所形成的角隅。
刀石,磨刀石。
刀嫲,柴刀。
倒酒,1.把酒倒入容器中。2.買酒。
倒豆油,1.倒醬油。
倒淨淨,砍光光。
琢琢仔,不慌不忙地，按部就班地。
㤕服,畏懼於威勢而屈服。
堆下,全部。
堆堆,成批或全部，如「堆堆分佢」。
斷真,1.確實，真的。2.果然。
斷水,把水阻擋起來，使它不能繼續流動。
斷心,截斷植物之嫩芽，使之不再生長。
斷血,止血。
斷乳,斷乳，即停止授乳。
斷臍,截斷臍帶。
當過,勝過。
當樑,謂能承當、能負責，是上等之材。
當有,很富有。
當兇,搶食搶得很厲害。
當奀,很醜，沒有看頭。
當近,很近。
當晝,中午，正午。
當當,正在從事某事的過程中。
當爽,很舒服。
當慣,很習慣。
當閒,很清閒。
當闊,很寬。
當發,很有錢。
當媱,1.指女人很風騷。
當湛,很好，真美。
當靚,很美，很漂亮。
當暢,很高興。
烏,形容顏色很黑。
堵胲,謂吃得太飽，已堵到喉嚨。
堵嘴,頂嘴。
堵數,抵賬。
堵跖,意見不合而生衝突。
堵堵撐撐,1.形容愛頂嘴的樣子。
堵嘴塞鼻,以言辭頂撞人。
堵好,恰好，湊巧。
堵堵好,剛剛好。
賭胚,猜想，揣測。
賭彩,碰碰運氣。
賭準,以假替真，將就將就。
賭造化,碰運氣，與主宰人類命運的「造化」打賭，試著去做，叫「賭造化」。
肚笥,腹，肚子。
肚飢,肚子餓。
肚𦣇,腹部，肚子。
肚飽目歪,形容貪得無厭貌。肚子已撐得飽飽的，眼睛還一直在搜尋食物。
肚弛弛仔,肚部寬鬆的樣子。
肚扐扐仔,抱著大肚的樣子。
肚挺挺仔,挺著肚子的樣子。
,堅實而重的樣子。
啄目睡,打瞌睡。
涿水,淋雨。
涿雨,淋雨。
涿濕,被雨淋濕。
對半,從中分一半。
對破,1.從中劈成兩半。
對換,兩相交換。
對歲,週歲。
對人死,謂極度的怨怪人家，要死要活的樣子。
對手親,因婚姻關係所成立的對等親戚關係。
對佢叫,被他氣哭。
對毋過,配不上。
對毋著,不相配。
啄人,鳥類用嘴啄人。
頓井,鑿井。
頓齊來,整束或整疊的東西在平面上頓觸使一端齊平。
頓竳來,豎立起來。
頓水,阻擋水，使之不流。
頓恬,停止、中止。
頓腳,歇腳，駐足。
頓頭,砍物時所用之墊木。
棟指,手指中最高者，即中指。
棟桁,屋頂的正樑。
棟頂,屋脊的最高處。
冬下,冬天的時候。
冬下頭,指冬天的時候。
東片,東邊。
東片析,東邊。
等,蒙著。
人衫,背小孩時，蒙蓋在小孩身上的被單。
人被,背小孩時，蒙蓋在小孩身上比衫厚的披被。
手帕,把手帕或絲巾披戴在頭頂上。
羅帕,蒙蓋著頭紗。
崠頂,山之最高處。
俚,我們。
兜,我們。
漚雨,久雨不止。
漚漚,大而無當且有蠢相。
漚濡,形容身軀大而胖、不靈活的樣子。
漚霸,大而無當的樣子。
漚淨淨,全都發霉敗壞。
漚霸霸仔,大而無當的樣子。
熰火,焚燒。
熰垃圾,焚燒垃圾。
畫虎,吹牛。也說（vagfùlìn）。
花花,色不純。
花假,虛假不實。
花蓼,1.謊言。2.虛假不實。
花螺心,用心不專。
花姿葉舌,形容女子招搖諂媚、挑撥是非。
花剌花剌,兩種以上顏色參雜呈現。
花剌必駁,色彩條紋斑駁繁雜。
花螺吊觜,說謊，花言巧語。
花酪酪仔,形容用心不專。
闊闊,寬闊。
闊度,寬度。
闊面,面寬。
闊野野仔,寬闊的樣子。
發紅,發炎紅腫。
發病,生病。開始發生病狀。
發禍,傷口發炎疼痛。
放放,1.不平貌。
壞手腳,手腳不乾淨，有偷竊習慣。
壞銅壞鐵,爛銅爛鐵。
壞膣壞鳥,形容東西破舊不堪。
飯糝,飯粒。
飯,鍋巴。
翻病,舊病復發。
翻牙倒齒,謂說話沒條理，顛三倒四。
翻身轉側,翻轉身體。
反躁,失眠，精神亢奮而不能入眠。
返陽,死而復生。
返魂,休克後復甦。
放放,1.板面翹起。2.放縱貌
竵竵,形容歪斜不正。
竵膣竵鳥,喻物品長相不正。
或或仔,尚可。
浮浮,不實貼貌。
浮財,現金。
肺家,肺臟。
費氣,勞神費力，麻煩。
會失禮,向人道歉。
非非糝做,胡作非為。
飛里花剌,繽紛、繁多、雜亂。
揮揮,涼涼像薄荷的氣味。
火炎炎仔,形容非常炎熱。
火屎燦天,火花迸裂四射，形容很生氣的樣子。
火屎天,形容很生氣。
火煙天,指雲煙彌漫滿天
伙房,家族裡各房同住一起的聚落。
歡喜靂天,形容非常歡喜。
歡頭笑面,歡顏笑臉。
放勢仔,盡情地，毫無忌憚的。
赴車,趕往乘車。
赴餐,趕上用餐。
赴時間,趕時間。
赴毋著,趕不上，遲到。
赴毋掣,來不及。
富罅罅仔,形容很富有的樣子。
麩麩,物體質變成粉末狀。
腐腐,因腐朽而成粉末的樣子。
戶檻,戶限，門下之橫木，以為內外之分界。
鬍鬚嗎咖,謂亂七糟八糟、分辨不清。
虎,老虎的陰莖。喻吹牛的話。
虎砰天,謂老是愛吹牛的樣子。
苦丟丟仔,形容味道很苦。
苦篤篤仔,形容味道很苦。
苦甘苦甘,苦中帶甘的味道。
苦篤苦篤,形容味道有點苦。
暈痴痴仔,如醉如痴的樣子。
暈嗲嗲仔,如醉如痴的樣子。
風水,1.指地理位置的好壞。
風颸,颱風。
風吹日炙,風吹日曬。
風溜溜仔,清風吹拂的樣子。
風神碌碌,威風凜凜，意氣揚揚的樣子。
紅啾啾仔,形容盛紅的樣子。
紅花幼女,指年輕貌美的女子。
紅羅花色,形容氣色好，臉色紅潤。
紅霞紅霞,如紅霞般的顏色。
覂淨淨,倒光光。
架仔,身材清瘦的樣子。
家官,在他人之前稱丈夫的父親。
家娘,在他人之前稱丈夫的母親。
加勢,越發，比原來更嚴重。
加一下添,再等一下。
膠膠,膠稠狀。
假作,假裝。
假知,自以為瞭解。
假精,自作聰明。
假會,自以為很行。
假意仔,非真意。
𨒇軟,形容肢體癱軟。
合本,只不過。
合線,原指琴絃的音階協調，引申為有默契或事情進行得和諧、流暢、交融。
合合,恰如其數，不少也不多。
甘甘,類似甘草令人回味的味道。
敢有,真的有嗎？疑問之詞。
敢怕,或許，疑問之詞。
敢係,真的是嗎？疑問之詞。
徑背,範圍之外。
挭挭杈杈,形容妨礙多多。
挭手挭腳,礙手礙腳。
交干,交易。也寫做「交關」。
交工,交換工時。就是「換工」。
交陪,交往。
交臊,男人挑逗女性而發生不正常性關係。
膠膠,濃稠狀。
攪躁,打擾。
該斯,那可是。
該毋斯,難不成。
記才,記憶力。
記認,記號。
寄付,贈予。
寄雨,避雨。
寄岩仔,把先人的骨罈暫置一處，待將來擇地擇期建墓時再安置。
寄草牛,帶著前夫之姓隨母改嫁，寄生於新父之家的孩子。
佢兜,他們。
佢這兜,他們這些。
唊嘴,謂話多而說不停貌。
唊唊滾,話多的樣子。
浹浹,苦澀的樣子。
遽遽,快一點快一點！催促的語氣。
鹻鹻,微澀的樣子。
兼兼仔,形容很接近。
撿錢,取錢或付錢。
撿採,如果，萬一。
撿輕,接生，或作「減輕」。
撿揫,收拾整理。
撿兜食,撿到便宜有得吃的意思。
撿兜做,工作很多有得做的意思。
撿兜聊,間充裕有得休息的意思。
撿兜餓,猶如說經常挨餓。
鏡鮮,形容水清澈，鮮潔透底，如鏡可照人。
驚山,因環境寞生或孤單而生恐懼。
驚生,怕生。
驚怕,恐怕。
驚死,怕死。
驚鬼,怕鬼。
驚風,怕風。
驚撓,怕人捉弄搔癢。
驚生份,對陌生人或環境的恐懼。
驚拔拔仔,驚怕的樣子。
驚鹿鹿仔,驚怕的樣子。
驚驚忸忸,形容驚懼畏縮的樣子。
驚驚險險,形容驚懼可怕的樣子。
頸跔跔仔,縮著脖子的樣子。
頸橫橫仔,桀驁不服的樣子。
頸偏偏仔,桀驁不服的樣子。
頸鋸鋸仔,形容縮著脖子的樣子。
頸墩墩仔,容脖子又短又肥的樣子。
噭噭滾,1.形容連續叫聲。
恄恄惇,顫抖。
雞公,公雞。
雞紅,雞血，又叫「雞衁仔」。
雞卵,雞蛋。
雞盲,即夜盲症，雞和一般鳥類在晚間則視力衰減，故稱夜間不能視者為「雞盲」。
雞髀,雞腿，雞體之半片，去頭去腳之稱。
雞袪,驅趕雞鴨的竹器。用一截竹竿，一端留握把，另一端破開八片，手持握把擊地作聲，以驅趕雞鴨等。
雞嫲,母雞。
雞仔,中雞。
雞鵠仔,未成熟的小雄雞。
雞僆仔,尚未生蛋的雌雞。
雞紅,雞血，又叫「雞紅」。
解解,把東西的本質完全蒸煮出來。
結舌,口吃，見「鴃舌」條。
結結,形容很結實得樣子。
結數,結賬。
鴃舌締碓,形容口吃，說話很不順。
弇微微,蓋得密不透風。
弇塞塞,完全遮蓋。
見本,樣本、樣品。
見冰,以冰塊接觸物體。
見笑,1.羞恥。2.害羞。
見擺,每次。
見烏洗,不分青紅皂白一律清除。
更係,猶言「倒是」、「豈是」。
峎背,山脊背後。
峎頂,山嶺之最高處。
肩胛落落,肩膀鬆脫下垂的樣子。
肩胛,肩膀橫斜的樣子，形容傲慢得意貌。
肩頭聳聳,肩膀聳起，形容驕傲得意的樣子。
肩衝衝仔,肩膀聳起，形容驕傲得意的樣子。
堅皮,表皮變有韌性。
堅堅,因水份蒸發而變堅韌的樣子。
間肚,房間裡。
間門,房門。
間背,房間背後。
間房,房間。
揀食,挑食。或作「簡食」。
簡賤,輕視。
簡肥擇瘦,肥的挑，瘦的也挑，謂過份挑剔的意思。
簡簡擇擇,東挑西選。
捲下仔,整個，全部。
捲封株,謂一體成形的作品。
叫眵,哭泣。
叫垂垂,哭泣不止的樣子。
叫豺豺,厲聲哭泣不止的樣子。
叫眵嫲,指愛哭的女人
叫襤濕褸,謂哭得一把鼻涕一把眼淚。
嬌尸,形容嬌柔態。
嬌遽,嬌小而矯捷。
嬌雞仔,喩弱勢者仗勢著他人的同情心侍寵而驕。
嬌尸沷沷,是說很會撒嬌。
狗牯,公狗。
狗嫲,母狗。
狗打屁,喻沒有價值的話。
狗挷犁,喻力無法勝任，亂衝亂撞。
今晡日,今天。
今暗晡,今天晚上，是「今晡暗晡」的簡說。
金金,形容亮晶晶。
金皙皙,亮晶晶。
金若若仔,亮晶晶的
金晶積亮,形容金光耀眼的樣子。
逕直,1.一直。2.直截行事。
逕直上,一直往上。
逕直落,一直進去。
筋筋,形容細瘦，如一根筋狀。
緊性,性急。
緊緊,趕緊。
緊顫,一直發抖、抽搐。
緊惇,一直在發抖。
緊拚拚仔,形容非常急迫。
緊促促仔,匆忙的樣子。
緊衝衝仔,急迫催促的樣子。
緊躁躁仔,急躁的樣子。
緊做緊看,邊做邊看。
緊來緊慘,越來越糟糕。
緊去緊壞,越來越糟。
緊看緊靚,越看越美麗。
跏跏九九,形容長而彎曲的樣子。
腳趾公,大腳趾。
腳趾罅,腳趾間的間隙。
腳脥下,胯下。
腳浮浮,站不住的樣子。
腳胠胠,兩腿張開的樣子。
腳惹惹,腳翹起張開的樣子。
腳跔跔,縮曲著腳。
腳脛脛,小腿裸露的樣子。
腳跛跛,跛腳。
腳束束仔,不敢放開步子走的樣子。
羌羌,形容人長得細小瘦瘦的樣子。
羌筋,喻細瘦的樣子。
羌筋臘,形容人長得瘦小體弱。
跔跔蜍蜍,畏縮不前的樣子。
跔蜍跔蜍,畏縮不前的樣子。
趜力,暗中使力。
趜心,心中有苦藏在心中不願說出。
趜屎,喻態度傲慢不理人。
趜心事,積怨在心中不願說出。
趜外外,漠不關心貌。
趜四六,猶言裝模作樣。
趜屎砰天,猶如說「傲氣沖天」。
謹謹仔,謹慎小心地。
弓大,撐大，擴大。
弓闊,由內向外使力，使之加寬。
拱拱,拱起彎曲貌。
拱背,背彎曲。
過宕,指時間的延宕。
過身,去世。
過面,維持面子，使之有光彩。
過房,過繼給兄弟做兒子。
過背,1.事後。
過,過頭。
過封,超過界。
過家,串門子。
過桱,超越界線。
過詐,過難關了。
過鉈,移向另一個處所，做同一類的事情。
過槽,豬隻移往他槽就食。
過潦,1.果實過熟。
過嘴,猶言說嘴，評論。
過願,過癮。
過晝,1.過了中午。2.太遲了。
過鉸,過頭，過度。
過家聊,到他人的家中閒聊，即串門子。
過家貓,不安守在家的貓。喻責備媳婦到處亂跑像野貓一般。
過路朘,罵人野種。
過溝菜,蕃藷葉的美稱。
過頭話,太過自滿自信而傷人的話。
過樹鳥,這棵樹棲息一下那棵樹棲息一下的鳥。喻這個人抱下那個人抱一下的小孩。
過篼豬,在自己的地方不吃，到別人的地方才猛吃的豬。喻到別人家才有好胃口的小孩。
過晝缽,謂超過中午時限太多。
過毛,罵人的話。是說毛髮化滅掉，猶言「屍骨無存」。
過毛絕代,罵人的厲語。是說「橫屍野外，連毛髮也化滅；斷絕後代，連子孫都斷絕」。
高不將,1.高的不將，低的不就，只好將就。2.不得不。
高臞臞仔,高而瘦的樣子。
高溜高溜仔,略微高而瘦的樣子。
膏嗟,柔性脅迫他人接受。
滒渧,糾纏不放的樣子。
滒滒,黏稠的樣子。
滒滒渧,不乾脆、糾纏不清的樣子。
該免,容易。
該死,活該。
該哉,幸虧。
該當,應當。
該暢,活該。
胲哊哊仔,張口想吃，流口水的樣子。
胲砣砣仔,頷下肉下垂的樣子。
胲嗙嗙仔,臉紅脖子粗，一副怒氣無從發洩的樣子。
胲滿肚飽,形容非常飽足（貶義）。
醢醢,形容又舊又皺。
干礙,冒犯妨礙。
乾單,只好眼巴巴的。
管捉,管理約束。
館仔,監獄、拘留所。
趕燒,1.趁熱。2.乘勢。
講千講萬,1.以千萬論。
講漦講濞,謂儘說些無意義的閒話。
講到食粥,謂說得很容易。
講到嘴滑,猶言說得口乾舌爛。
講到臘卵,謂說得圓滿無缺。
故所,所以。
姑嫂,小姑與嫂嫂。
孤老,孤僻、不合群的意思。
掛吊,牽掛，懸念在心。
掛紙,掃墓，客俗祭掃祖墓時，將黃嘏紙掛於墓碑上。
掛掃,掃墓。
瓜鬼,諷喻個性孤癖，不許他人亂碰觸的人。
胍肚,謂腹部鼓起。
寡寡,大都是。
砉爛,破爛不堪的樣子。
砉硬,很堅硬貌。
砉酥,乾而脆的樣子。
砉精,很精明的樣子。
砉燥,燥而硬的樣子。
砉懶,很倦怠的樣子。
乖莊,溫順端莊。
綻卵,青蛙產卵，引申為連綿成串的樣子。
慣慣,習慣了
關囹仔,禁監、坐牢。
弳弳,鼓凸貌。
骨惹惹,形容瘦骨粼粼。
骨射射,形容人很瘦骨外露貌。
蟈蟈,鼓鼓的，膨脹如青哇的肚子。
狺狺滾,狗連吠聲。
耿耿,剛直不隨和的樣子。
汩汩滾,水聲咕嚕咕嚕的樣子。
淈渾,形容水非常渾濁。
歸日,全天、整天。
歸堆,整堆。
滾水,開水。
公太,曾祖父。
公婆,夫妻。
孲仔,嬰兒，以嬰兒叫聲取義。
阿𧩣,讚美。
屙尿,解尿
屙屎,解大便
屙屙不不,很骯髒的樣子
屙膿滑痢,喩胡吹亂蓋。
山,山崗頹圮。
矮短,矮胖貌。
烏白,胡來、亂來的意思。由閩南語轉變而來。
惡豺豺仔,兇惡如豺狼。
惡桀桀仔,兇惡的樣子。
惡擎擎仔,兇惡欲打人之狀。
愛講罔講,姑妄言之。
下數,指數目的多少。
下二擺,下一次。
下把仔,有時，偶爾。
下膈,肚子的底層。
下晝頭,下午時分。
蝦公,蝦的總稱。
下貨,卸貨。
下下來,把物品卸下來。
合合上,急著想要，猶言「興致沖沖」的。
狹之狹極,形容很狹窄。
瞎目,瞎眼。
卵,睪丸。
嚇著,受到驚嚇。
懈懈怠怠,謂做事怠惰拖延。
喊人,晚輩對長輩的問候。
喊得應,謂立即見效。
憨媸,謂不加理智分析，直性果敢的
憨之憨搭,謂不加理智分析，亂管閒事。
含等,叼著。
涵空,涵洞，水管孔道。
鹹淡,1指食物之鹹度。2指醃漬過
鹹菜形,比喻很好相處之人，猶如鹹菜
鹹纖鹹纖,略帶鹹味。
啣草做竇,啣草築巢。
限透,極限。
限勢,限於情勢已經....。作連詞用，常以「限勢…又還…」連結使用。
閒情,沒用的，或多餘的事情。
閒綽綽,形容悠閒的樣子。
閒神野鬼,喻無所事事、游手好閒的人。
閒時閒節,平常沒事，沒遇上節氣的日
閒錢補笊簍,謂做無意義的事。笊簍：竹或藤編的漏勺。
還生,還活著。
還慶,很能幹。
還朘,實在傻，罵人被利用而不知。
還生趣,真有趣味。
還衰漦,真倒楣。
還罅擺,真是夠受了。
罕得,很少。
脝水,含水多的樣子。
坑壢,山谷水溝。
行山,地層滑動。
行涼,散步。
行踏,行為舉止。
行往前,走上前。
行看啊,1走一趟試試看。2試著當仲介。
行灶下樣仔,1謂往來頻繁。2喻非常熟悉。
好喋,愛誇口吹牛。
好詏,愛爭辯。
好鬥牛,喻好與人爭鬥的人。
好擳擳仔,興沖沖的樣子。
好展無漦,喻喜歡賣弄卻沒有真本事。
浩漦,謂虛構或誇大其詞的事。
涸涸,乾枯的樣子。
嘿嘿滾,形容聲勢浩大。
浩洪斗雨,傾盆大雨。
黑天,謂對某事全然不知。
焓燒,燙熱的感覺。
喊燒,1是說分不到一杯羹，叫一叫，過
喊毋應,叫不應。
喊聲胲,大聲叫喊。
含蔘,1含著人蔘。2喻拚老命作工。
含燒火,又燙又辣，難以忍受的樣子。
緪斗,形容工作繁重。
緪繃繃仔,形容經濟拮据，或事情緊迫。
肯,慣於，熱衷。
後斗,後臀。靠山。
後叔,繼父。
後撐仔,後輩，稱呼年輕的後輩。
後壁山,靠山。
後生窈窈,形容年紀還很輕。
喉嗹頭,喉嚨。
喉死目死,一副可憐的樣子。
猴,猿屬動物。精巧。精明兇悍，
口訣,口傳之訣竅。
口頭項,口頭上。指要徑地帶。
口涎波沷,口沫橫飛。
氣杳杳仔,氣息微弱的樣子。
氣噴噴仔,氣呼呼，很生氣的樣子。
棄嫌,嫌棄。
戲棚頭,在正式戲文未演出之前所做的表演，通常以詼諧押韻的語言演出。
去得,可以去。可以消受。
嘻嘻哈哈,嘻笑玩樂，快樂度日的樣子。
虛虛,脆弱，孱弱的樣子。
虛懸,懸疑性。
起工,工作開始。宴請工人的特餐。
起性,發性、發狂。
起肩,挑扛重物時，起身的時候。指
起磅,磅秤桿翹起，喻興正濃。
起風,颳風。事情高速運轉中。
起赤痧,兩眼充血，激情發狂的樣子。
起腳走,用力快跑。
起戇面,生氣，翻臉。
起空起榫,惹事生非，造謠生事。
喜客,給客人有好感。
閕,披散。張開。
閕掰,誇耀而神氣的樣子。
匧私胲,存私房錢。
匧仇匧恨,把仇恨藏在心中，伺機報仇。
卻卻,翹起的樣子。
嫌人,說人長短。
嫌毋得,謂很好，沒有可批評的地方。
嫌到臭屎,批評得一文不值。「屎」有時諱言而
險險,好險，差一點就…。
曉得,懂得。
翕翕,悶得無聲無息。
翕相,照相。
熻熻,悶熱。
熻人,向人挑釁。激使他人。
血筋,血管。
血漬漬仔,血流很多的樣子。
血流血濯,血流很多的樣子。
歇睏,休息。
現現,顯露的樣子。
現下,現在，當前。
現大耳,出洋相。
羴頭異重,謂傲氣十足。
玄玄風,謂突如其來的事。
絃索,琴的絲線，又指演奏琴的技巧。
顯顯,很明顯的樣子。
公,蚯蚓。
翹擔,兩端上翹的扁擔，別於兩端下垂的
翹峨翹棟,是說屋宇高大，屋脊兩端上翹。
梟心,心存非份，想要貪得。
梟兄騙弟,欺騙兄弟。
梟人梟自己,想以欺詐手法從他人處得來，最後自己會得到惡果。
翹卻,平面板狀物，翹起一邊的現象。
媱尸胐,指為取悅他人而多事的人。
媱妮妮,搔首弄姿很騷包的樣子。妮，有ni、naiˇ二讀。
翕翕,低矮沉悶不通風的樣子。
翕豆芽,把豆類的種籽灑水並悶蓋著，使它
興頭,興致。
興嘟嘟仔,興沖沖的。
人,怒視人。
形投仔,神情儀態。
慇慇,頭暈痛。
慇頭疺腦,頭昏腦脹。
釁棍棍仔,充滿驕氣的樣子。
揟巴掌,以巴掌批臉頰。
靴背爪癢,隔靴搔癢。
香油,1用豬油、香蔥油炸而成的佐料。2
香心骨,線香的骨幹。一般係指線香燃燒過
香絲樹,即「相思樹」。此樹葉及花帶有香味；花，黃色細小，常掛絲落下。
香袋仔,承受香火象徵靈魂歸位的袋子，通
香馞馞仔,香噴噴地。
享豐,指享受豐裕的生活，當形容詞用。
響炭,木炭中之上等者。在木炭出窰時，
朽歿,腐朽。
畜衰人,養了他會倒楣。
畜閹牛,公牛被閹割時，休養期間不事工作，只接受供養，喻指吃閒飯而不工作的人。
兇鬼,比喻饞嘴搶食的人。
兇呷呷仔,貪食猛吃的樣子。
胸斗,胸部。
胸挺挺仔,胸脯挺出的樣子。
兄弟仔,1同胞兄弟。感情好如兄弟般的
雄頭,雄壯威武的樣子。
雄繃繃仔,精力充沛，躍躍欲試的樣子。繃，又音（bang）。
號頭,號碼。
號位仔,先行佔住位子。
耗造,不愛惜物資。
呵呵啊,用口氣哈一哈。
炣炣啊,用熱氣蒸一蒸。
耗爽,耗損。
耗日仔,消磨時日。
炣日,太陽輻射之熱氣。
何麼死苦,何苦來哉。
河壩,河川。
河乾水斂,河水乾了，潭水也枯了。
好空,指有利之事。
好膽,有膽量，不怕。
好勢,完成，完善，妥當。
好屌,鄙語，猶言「有種的話」。
好肚笥,謂婦人生的兒女很有成就。
好嘴斗,胃口好，不挑食。
好嘴碼,嘴巴甜，很會與人問好。
好好恬恬,1突如其來的。2猶如說「好端端
好衰毋衰,指壞運氣，真倒楣的意思。
好適適仔,是說很適切，最好不過的，猶如說「好端端的」。
渴渴,人畜極度口渴，元氣耗盡的樣子。
學精,增廣見聞。
學話,指傳播謠言，說人壞話。
學嘴學鼻,模倣他人的語氣說話。
熇燥乾,烤成乾。
熇蝦公,1乾煎蝦子。2喻在烈日下極為乾
害子害孫,禍害子孫。
頦鰓,1鰓。2指人的腮下巴。
喝喝咄咄,厲聲叱罵。也說（hodˋhodˋdodˋ
汗臊,汗臭味。
汗沛沛,汗涔涔，汗流很多的樣子。
汗流脈落,汗流浹背。
捍等,撫著，守護著。
旱水,把水引入或放出。
寒天,冬天。
寒著,感冒。
寒毛菇,1雞皮疙瘩。短細毛。
寒囉囉仔,形容寒冷。
床,起床。
凳,從椅子上起來。
起來,立起身來。
轟轟飛,嗡嗡地飛。
轟天轟地,聲響喧天。
妔人,懷孕，即「擐人」。
行貨,大批出產不求品質的物品，引喻為
異肯,很樂意、經常
異好食割,喻容易好收的事。
異會著仔,讓人覺得很愛現的樣子。
衣衫襤褸,形容衣著破爛。
移徙,移動，搬遷。
寅時卯時,隨時。
倚恃毋得,不能信賴。
雨毛仔,毛毛雨。
夜摸仔,指晚間工作的人。
落落仔,因不受重視而灰心的樣子。
也係,也是
抑係,或是。
野屎,罵人的話，猶言雜種。
扡爪,形容動作勤快敏捷。
扡米,抓一把米。
扡壁,用手抓牆壁。喻求助無門。
扡著屎,手抓到屎。喻欲得反失，求榮得辱。
這下,現在。這次。
這兜,這些。
這搭仔,這一帶。
這駁仔,這一段時間。
腌著,因過鹹而受傷害。
腋舍,利用正屋邊牆搭建的矮小房舍。
擛手,招手。
蝶仔,蛾類昆蟲。
掞粉仔,撒粉。
掞掞動,上下抖動著。
閹牯,去勢後的公牛。
閹雞,去勢後的公雞。
剡空,挖孔。
鹽生,把食物用鹽醃漬片刻後生吃。
簷頭下,屋簷下的空間。
掩土,用土掩埋靈柩的下葬過程。
掩人面目,遮住不被看到，讓人不會難堪。
膁骨,肋骨。
縈線,把線收捲起來。
贏面,佔優勢。
影戲,電影。
影影熠熠,亮光閃爍貌。
眏著,不經意的看到。
眏啊過,看一看。
枵儸,謂飢餓之人。
熠熠燁燁,火光閃爍貌。
翼胛,翅膀。
翼翍翍,形容雙翅外張微垂的樣子。
翼尾仔,翅膀的尾端。
一心,1一片植物枝梢的嫩葉。2全心全意。
一線,全部。
一擺,一次。
一輪,一趟或一圈。
一樖,一串。
一廿,拇指與食指張開的長度，約二十公分。
一大嶂,喻很多。
一下半,一會兒。
一抹殺,通通，全部，包括一切的意思。
一哪仔,到處。
一摝水,混合在一起，不加細分，猶如說「一概而論」。
一晝邊,大約半個白天的時間。
一直落,1一直進去。2稱建築物一整排。
一對時,二十四小時的時程，即一晝夜。
一尋長,兩臂所張開的長度。
一條線,喻專注於某一事。
一屋家,整家。「家」受前字音影響說成
一接眼,乍看之下。
一下半下,1偶爾。2一會兒。
一日到暗,從早到晚。
一年透天,一整年。
一色青天,猶言晴空萬里。
一五一十,詳詳細細。
一付一當,一件對一件配置好好的。
一隔一跳,謂彼此相隔不連接。
一家一務,各人有各人的事務，不必干涉他
一時八刻,是說整個時辰。一個時辰有兩個小
一心打兩意,心意舉棋不定。
一雷壓三颸,下雨時若有打雷，便不會有颱風。
憶等,記掛在心。
掖頭,喻事之開端。
掖菜仁,播撒蔬菜種籽。
掖麻掖米,形容數量之多，遍地都是。也說「掖
弛走,向外滑動。
弛崗打陣,喻成群結隊而來。
液液,物體呈黏稠狀。
液漦,謂怒火中燒。
液滒汁帶,滿是汁液弄得到處都是，看起來黏
液液溚溚,滿是汁液，濕漉漉的樣子。
蝓螺仔,動物名，即蛞蝓。
越勢,越來越……。
揭空仔,挑剔他人毛病。揭發他人陰
挖窟仔,挖洞。
怨怪,埋怨與責怪。
煙涵,煙囪，燒火時排煙的涵道。
煙仔,濃煙漫布的樣子。
煙囪出火,喻事情已經發生了才表態，來不及了。
菸筒頭,長菸斗放菸絲的部位。
冤牽,是非困擾。
冤家比背,形容常常吵架打罵。
掀書,翻開書。
掀蕃薯藤,把蔓生的蕃薯藤提起，以利施肥或
延延纏纏,拖拖拉拉，拖延耽擱時間。
園背竹筍,指外甥。
圓身,軀體。
圓廟,新廟落成。
圓扁嘴,1形容說話立長搖擺不定。形容
圓律律仔,形容很圓的樣子。
緣首,又稱福首，祭拜祈福時，負責收取
鉛線仔,鉛線，鐵絲。
蜒著,被蟲毒灼傷。
要緊,急切重要。
鷂婆,指老鷹。
鷂角仔,即鳳頭蒼鷹，猛禽，比老鷹小，專
夭夭,略帶水分而柔軟貌。
夭滒,膠稠狀。
夭漿,較稀的膠狀體。
夭膏膏,爛泥巴一樣軟軟的。
夭夭,形容像爛泥巴一樣的軟軟的。
腰拑背吊,形容勞累得站不直的樣子。
搖搖噹噹,鬆脫搖晃的樣子。
蔭豉,即豆豉。
任在你,任由你去做。
淹水,灌溉。淹水。
淹田,引水灌田。
淹著水,被水所淹。
陰著,暗中想成…。
陰痛陰痛仔,隱隱作痛。
應聲,回音。
印印,受小硬物頂觸的感覺。
印色,印泥。
屻崗,山陵。
因由,原因。
因爭,因為。
應承,答應承諾。
浴浴,濕透的樣子。
浴堂,浴室。
藥癠,敷藥以後引起的皮膚病。
藥炙仔,煎藥的罐子。喻常生病吃藥的
哊乳,吐奶。
樣仔,樣子。
樣相,樣子，態度，形相。
秧仔,秧苗。
秧地,秧苗的場圃。
秧盆,秧船，插秧時裝秧的盆子。
秧仔畚箕,裝盛秧苗的畚箕，空隙較一般畚箕
養子,稱動物生子。領養的孩子。
養屍地,屍體埋葬後，經若干年仍不腐爛的
養蛇食雞,姑息作為，喻鄉愿作風。
癢揶癢揶,癢癢的樣子。
羊子,小羊。
羊牯,公羊。
羊嫲,母羊。
羊噦,羊鳴叫。羊有時常鳴叫的特性，故用以形容動不動就哭的情形。
羊角仔,菱角，因其狀似羊角。
羊頭仔,指自行車的把手，因其狀似羊頭。
羊仔屎,喻斷斷續續而來。
洋田,平坦開闊的田，指質地較佳的田。
洋刀仔,西式小刀。
洋洋漾漾,水流不止的樣子。
揚尾仔,蜻蜓，因蜻蜓飛時尾巴時常向上揚起故名。
揚蝶仔,蝴蝶。蝶，音（iag）。
揚蝶嫲,稱活耀愛現的女人，多用於貶義。
瘍癧,因皮膚癰爛而引起的淋巴腺瘤。
又畏又好,又想要又害怕。
又好叫又好笑,哭笑不得。
右手析,右邊。
幼幼,細細的，微小的。細緻而光華。
幼工,精細之工作。作工細緻。
幼秀,清秀、精細。
幼骨,細骨。謂體形骨架細小，其對稱為
幼席,比較精緻的筵席料理。
幼幼仔,細細的，微小的。
有無,有或沒有。問句，有嗎？
有額,有份。
有挷水,雙方旗鼓相當，有得拚。
有剝削,有希望，有利可圖。
有成時,有時候。
有身項,有身孕。
有限透,很有限，不如預期的好。
有來有去,優游自在，樂在其中的樣子。
有手有腳,活像真的。
有多不少,很多。
有樣跈樣,有樣學樣。
由在人,任由他人…。
油氣,油味。肉類菜餚。
油鏡,油在水面上所生的一層亮亮的薄
油盎仔,盛油之瓶子。
油垢癠,脂漏性皮膚炎，嬰兒容易感染。
油漬漬仔,油膩膩的。
油脂帶,形容滿身油膩污垢。
游壁,謂小兒扶著壁學走。
遊遊野野,遊蕩無所是事。
猶猶不決,猶豫不決。
柔柔仔,從容不迫的樣子。
運數,運氣。
運轉手,司機。
潤潤,濕潤的樣子。
潤喉,滋潤喉嚨。
潤轉來,以吉祥話斡旋過來，化不祥為吉。
雲下日,喻酷烈。
勻勻仔,均勻的速度。
勻日仔,騰出日子來。
用扐,抱持。指剖腹生產。
用事,寺廟神壇中乩童作法的過程。
壅泥,培土，用泥土覆蓋。
壅塞塞,蓋滿，完全蓋住。
壅塵打灰,覆蓋了一層灰塵。
容縱,縱容。
榮榮,形容草木枝葉茂盛。
熊熊,形容火勢猛烈的樣子。
祭衰人,丟人的面子。
嚌嚌啾啾,形容量多而嘈雜之聲。
漬水,用紙或布吸水。
漬燥來,用紙或布把水份吸乾。
擠擠揫,聚集在一起。
姊妹錢,女子出嫁時，分給姊妹的錢，即「袂儀」。
借歇,借宿。
借神絡食,假借神的名義來謀取利益。
斜斜,無能的樣子。
姐公,外公。
姐仔,妻子。
輒輒,常常。
接眼,乍看之下。
接嘴,插嘴。
接腳个,指繼室或繼夫。
接啊著,剛接觸到不久。
績線,紡紗。
佔位仔,占據座位。
佔先行,搶先。
尖尖,形容銳利的樣子。
尖燒,擠進人群中湊熱鬧。
尖落去,強力插入。
尖牙利齒,1形容尖銳的東西。2指人說
蘸水,沾水。
蘸菜,1用氽燙以沾醬料來食用的
蘸藥指,無名指。
蘸豆油,沾醬油。
漀漀,傾斜。
漀走,傾斜了。
漀燥,傾斜容器使裡面的水流乾。
漀淨淨,倒光光。
猜拳,猜拳，音由日語而來。
腈豬肉,豬的瘦肉。
靚媸,美與醜。
靚裝,1謂打扮得怪里怪氣的。2喻糟糕了。
靚種,謂個性怪里怪氣的。
靚膩膩仔,形容粧扮美麗的樣子。「膩」又音（ni）。
井下,水井周圍的地域。
井唇,井邊。
瞧毋得,難看死了。
鳥鳥仔,稱小男孩之生殖器（乳語）。
啾嚌,指人挑剔、不隨和的樣子。
勦忒,消滅掉。
漬紅,形容很鮮紅。
漬漬灂灂,水多互激而發出的聲音。
嘖嘖啐啐,細語不斷的樣子。
肢胳仔,腋下窩。
揤覆菜,用棍棒把「覆菜」擠壓進灌子
積儲,積蓄，儲蓄。也作「積貯」。
即靈,機靈
薦盒,神前供擺茶杯的禮器。
箭日,形容陽光直射的樣子。
箭等,光線直射著。
踐等,用腳向前蹬支撐著。
責人,1用棍棒牴觸人。2用言語責
踐車仔,踩車使動。
責罰,懲罰，指神明之責罰。
餞糖,食物加糖處理的一種方法，如蜜
揤落去,插入或刺入。
煎煎,形容熾盛的樣子。
煎卵,煎蛋。
剪著,1被占便宜了。2著力不平衡。
剪刀鉸,植物名，桔梗蘭和射干兩種，
剪罶仔,扒手。
浸死,淹死。
浸酒,把物品放入酒中泡漬。
浸青,形容很青綠。
浸浴來,浸入水中讓它濕透。
浸穀種,把穀子泡水讓它發芽。
唚嘴,親嘴。
唚唚,彼此頻相親嘴，形容親暱的樣子。
進前,1前進。2指先前的時際。
進金,修建墳墓時把骨罈放入墓穴
進塔,把骨灰放進靈塔內。
精米,碾糙米成白米。
精精,很精明。
精食,形容人專挑好的來吃的習性。
精鑽,形容精於汲取利益。也說「進
精過格,謂精明過度。
精砉砉仔,非常精明。
精頭精面,謂面貌長像很聰明。
精來又毋砉,精明的人卻失算了。
晉錢,捐款。
啁人,糾纏他人使之曲從。
踅踅,立不正的樣子。
踅走,傾斜。
奶嘴仔,吸奶嘴。
灂灂,多水泥濘的樣子。
將就,順其情勢，乾脆如此。
將來將去,彼此爭辯僵持不下。
漿灰,以灰和水攪成漿。
漿衫褲,把衣服放入稠液中攪和。
槳,1在船旁撥水使船前進的工具，即
皺毛,卷髮。
皺皮,皮膚有皺紋。
皺皺,形容皺痕多。
皺核仔,比一般細小的果核。如龍眼、荔枝類的果實，偶而可見。
皺膣郎當,形容物件皺皺巴巴不平整（不雅之
勼帶仔,鬆緊帶。
啾紅,很紅。
酒娘,釀酒用的酵母。
酒提仔,從酒桶中提取酒漿的筒狀杓子，並
酒窟仔,人臉頰上的「酒窩」。
酒醉摸些,形容酒醉後走路東倒西歪，摸摸扶扶的狀態。
足月,1滿一個月。2嬰兒懷胎達到
足足,分量足夠，一點也不少。
足相,指人個性古怪，繃著臉待人。
足水田,謂有足夠水灌溉的良田。
衝上衝下,四處亂竄。也說成「衝上毋衝下」。
縱子,溺愛或放縱自己的孩子。
縱慣勢,長期縱容，成了習慣。
較得,有改善或較好。
較贏,比較有勝算。
較慘死,比死還糟糕。
卡著,夾住，卡住。
卡手卡腳,手腳被縛不自由。
腳餿,簡陋粗俗。
腳餿間仔,暗喻妓女戶。
瞌眼,合眼。
瞌一下仔,小睡一下。
刻定,堅持一定要這樣。
刻情,苛薄寡恩。
刻耐仔,堅苦忍耐地。猶說「勉為其難」。
刻臭頭,指被責罵。
揢權,掌握權柄。
揢泥卵,謂從事農耕或與泥地有關的
揢無柄,謂拿他沒轍或束手無策。(不雅之
水,挑水。
枷,脖子上套上枷鎖。
擔,1挑擔子。2以肩挑謀生的工
毋贏,1太重，挑不起。2承擔不起。
滑肩,1因挑得太重而傷了肩膀。2所承擔的事情失敗了。
死擔仔,背黑鍋。
劊頭,1殺頭。2革職。
崁頂,坎崖之上方。
崁頭,坎崖附近的地方。
崁腳,坎崖之下方。
堪該,活該，該當如此。
堪毋得,1不值得。2承受不起。
磡著,被重物壓到。
款僭,指款式或樣子。
刊定,確定不改。
挳字眼,1咬文嚼字。2挑人毛病。
敲泥團,把泥塊敲碎。
敲煙筒頭,用煙斗敲頭。喻長輩的教訓。
交風,刮到風而呈乾涸狀。
交卡著,相衝突或阻礙。
交手掞腳,兩手交抱於胸前，雙腳抖動。
訄誚,諷刺。
拷仔,打靶。
巨扇,以蒲葵葉製成的扇子。
攲攲,形容坡度陡峭。
攲蓋,竹編或鋁製呈錐狀形的大鍋蓋。
攲崖石砦,懸崖峭壁。
欺翕,欺負藐視人。
企死,指植物枯死。
企楯,豎立柱子。
企到壁竳,站得筆直。
企雞企鴨,祭祖時將殺好熱水燙過的雞、鴨，
期加,比預期增加備用。
期備,預先準備。又作「具備」。
期早,指在時間上提前一點。
鰭菇仔,魚鰭。
豈毋知,豈不知，怎會不知。
懼著,怕著了。
祛把,竹掃把。
胠鬚,筆毛或毛髮分岔。
胠開來,一端固定另一端向兩邊分開。
胠罅下,胯下。
企第一,居第一。
走,無目的的到處亂跑。
岐嶷,聰明能幹的樣子。
擎手,舉手。
擎針,做針黹之事。
擎磅,1磅秤的秤桿揚起。2喻陰莖
擎枷,1枷鎖套在脖子上。2喻日暈
擎勾筆,拿鋤頭，指農夫耕地。
擎刀揭斧,動刀槍，刀光劍影，形容大車
擎空擎榫,找碴。
擎硬篙仔,喻唱反調。
擎順風旗,謂順水推舟。
擎頭毋起,抬不起頭來。
擎膣屌屄,1謂以粗話相罵。2相罵時的粗話。(不雅之語)。
脥下,腋下。
屐頭那,屈指敲頭。
欠水,命理學上說人的八字缺水，兒在取
欠數,欠賬。
,1跨步。2跨越。
過去,跨越過去。
慶,1能幹。2聰明。
慶腳,精明能幹。(常用在負面意義
儆惜,愛惜。
儆嘴,飲食謹慎不亂吃。
輕可仔,輕微地。
翹忒,死掉。人死時多呈捲曲貌，故
及及,謂緊迫無寬容的餘地。
及時及急,謂時間緊急急迫。
吃吃滾,笑聲急而細碎的樣子。
極極,擁擠的樣子。
極樂仔,陀螺。
極手極腳,喻空間不大，手腳活動都受到
契子,義子。
,啃、囓。
骨頭,啃骨頭。
客哥,姘夫。閩南人稱「客」為
客哥面,有女人緣的面相。
揜等,覆置著。
揜蝦公,用小型網子捕蝦。
揜揚尾仔,用網子捕捉蜻蜓。
撅粳,把米漿邊煮邊攪拌做成食用
蹶山,登山、爬山。
蹶壁,形容面臨困境而束手無策的
蹶來食,喻謀生辛苦或辛勞。
乞食羅漢,指流浪漢。
缺牙耙,譏笑門牙脫落的人。
缺角,謂器物不完美有小缺口。
缺碗,碗緣有破損的碗。
缺嘴仔,指兔唇之人
弇等,蓋著。
弇蓋,蓋上蓋子。
健躁,身體健康，精神矍鑠。
勸話,勸說。
桊鼻,鼻子穿上繩物或環，以便控制。
桊線,穿線。
桊耳環,穿戴耳環。
桊空錢,中有孔之古幣。
菣香,用佐料調理食物的味道。
牽承,拉拔，汲引。也寫作「牽成」。
牽絲,1蜘蛛結網。2拉出絲的狀態。
牽鬚,植物的莖，蔓生細鬚，以利攀援生
牽粉仔,料理食物的芶芡動作。
牽豬哥,1牽著豬公為母豬配種的行業，引
牽牛入甕,喻不可能做的事。
乾造,指男子的生辰八字。
拳頭嫲,拳頭。
拳花碌天,揮拳舞動的樣子。
凝凝,凝固的樣子。
凝絲,細絲相連貌。
凝底,沉澱。
凝家,凝聚家人向心力。
凝神,聚精會神。
凝覺,熟睡打呼。也寫作「牽覺」
譴,1發怒。2責罰。
譴粄,即「湯粢」。又稱「牛搵水」、「挼啊圓搭啊扁」
譴仔,形容生氣的樣子。
轎心粄,迎親時，男方置於新娘轎的坐位上
轎背來个,指隨著母親而嫁的子女，即俗稱的「拖油瓶」。
撬仔,撬物使起的工具。
撬冬,謂冬季稻子收割後，翻土讓陽
撬畚箕,把畚箕掛在扁擔一端的肩挑
翹頭,兩端重量不相等，一端翹起。　
翹翹橫,頻頻倒下的樣子。
叩廟,男子在妻子喪時欲再娶，在妻子靈
箍桶,將一塊一塊的木板用環套箍
箍圓圈仔,畫圈圈。
箍字簿仔,在寫字本上畫圈，今說「改字
藠仔,薤，蒜屬，球根可泡製成食品。
嘺人,糾纏煩人。
口短舌,謂不善言詞。
撳等,以手按之，使之不動。
撳鈴仔,以手按鈴。
撳雞嫲,1追捕母雞。2公雞騎上母雞
禽蛇,一種專吃小雞小鳥之蛇，或稱錦蛇。
尋,兩臂張開的長度，如「一尋長」。
擒犯,俘擄。
磬磬鏘鏘,形容金屬相擊聲。
傾銀盆頭,以鋁合金鑄成的鍋或缽。
磬硿,物因不平而發出的聲音。
框等,框住。
框金,用黃金加以框住。
腔頭,腔調。
強強,極力爭取，有蠻橫的意思。
強監,硬要人家做某事。
強強蠻,用強力去做。即「強強」。
舊年,去年。
舊陋,形容食物陳放过久而變質。
求求乞乞,極力的請求。
求神託佛,求神拜佛，祈請保佑。
球球,彎曲卷縮如球狀。
球杓仔,球拍。
虯走,卷曲了。
虯虯,卷曲的樣子。
虯毛仔,天生卷髮的人。
揪頭那毛,用力扭抓頭髮。
侷著,嗆著。
跼等,圈住、關著。
近近仔,時間快到的時候。
近廟拒神,太接近這個廟，反而不會相信
裙仔,指尿布類的衣物。裙，是指沒有褲管的下裳。
共下,一齊。
共屋,同一住家。
共樣,一樣，相同。
共間仔,在學校的同班同學。
共綱子,同一胎次所生之子。
共得著,有共同的源頭。
共儕人,同一個人。
共款調,同款式同格調。
共窯貨,謂同一批貨，通通一樣。
共名共姓,同名同姓。
共爺共𡟓,同父同母。
恐驚,疑慮之詞，意猶或者、也許。
靠靠,裸露凸出的樣子。
靠著,挨近摩擦到。
靠勢,倚仗威勢。
靠天絡食,看天候來謀生。
苛頭,架勢擺高，不講情面。
苛人,苛刻地對待人，即刁難人。
可比,好比。
可厥屎惡,罵人「野種、可惡」之語。
搉門,敲門。
確確係,確實如此。
開首,1猶言開頭。2猶言「號稱」
開田,開墾田地。
開封,初次開張。
開目,動物初生，第一次張開眼睛。
開林,開墾山林。
開青,人死後第一次祭祀，需加祀綠
開床,1男女結婚同床眠成為夫婦。
開計,獻計。
開剪,1啟用剪刀。2喪家始做喪服。　
開陽,謂陽光及視界良好。
開椏,樹枝開叉。
開聲,放開聲帶發出聲音。
開鑼,活動儀式開始前，敲鑼警示通
開火灶,起火炊爨。
開新年,1開春。2新春時期被罵或被打。
開細妹仔,指男人上妓院。
開壺酌酒,打開酒壺斟酒。
開胸利膈,形容胸腹舒暢。
慨,慷慨，無所吝惜。
看破,看透了。
看無,1看不見。2瞧不起。
看靚,當裝飾或欣賞用。
看交吔,看遍了。
看毋識,看不懂。
看面目,看交情面子。
看生趣,看笑話。
看透透,看穿了。
看現現,看得清清楚楚。
看衰漦,被看成孬種。
看人出菜,1依對象的不同而給予不同的待。
看毋過肚,看到他人違逆常理的行為無法
寬緩,寬鬆或延長時間。
囥步,隱匿絕招。
囥人尋,即捉迷藏，也說「囥尋仔」、「賭人
囥泥空,喻死去了。
爌肉,紅燒肉，將豬肉切成小塊加入
匡壁,砌牆壁。
匡圳溝,砌水溝。
狂狂,莽撞、瘋狂的樣子。
狂漦狂漦,形容舉止動作急躁的樣子。
曠曠蹀,步履不穩的樣子。
曠輕曠輕,形容輕飄飄不踏實的樣子。
怙杖仔,1枴杖。2拄著柺杖。
怙勢仔,盡情地，放心地，
枯著,過度勞苦而生病。
枯稐,禾苗整株枯萎。
傴背睡目,喻兩頭落空或兩面不討好。
摳人,1狗對人怒目狂吠作勢攻的子。2人對人哭鬧糾纏。
苦毒,虐待。
苦煎煎仔,形容很窮沒有錢。
苦到漦了,窮到一無所有，即窮得精光。
快菜,韭菜；「韭」與「久」同音，諱言久
筷頭嫲,指筷子粗的那一頭。
劊頭,1砍頭。2革職。
匱匱,猶言「淨盡」。
擐人,懷孕。
擐飯,1用籃子提飯。2女兒在父母過世四七時，備祭品向父母祭祀。
擐大肚,懷孕。
擐皮包仔,1提皮包。2指跟班。
環環轉,團團轉。
款調,謂式樣形像。
款包袱,收拾整理行李。
掘窟仔,挖洞。
,形容短短的。
頭路,沒有發展性的事業。
頭巷仔,沒有通路的巷子。
尾牛好拔,喻沒能力又好表現的人。
酷人,氣味嗆人。
酷著,被濃烈的氣味嗆著。
虧房,勘輿學術語，陰陽宅的坐向、
虧得,1幸虧。2枉費。
跪謝,喪禮出殯，孝子在途中跪著向
綑等,綑綁著。
綑大豬,農業社會售出大豬時，綑綁大
滾滾輾,指圓形之物滾動著。
空跡,空隙之地。
空仔,孔洞。
空空,毫無一物。
空心肚,空腹。
空殼餅,1謂外表好看，沒有內實。2
空賚賚仔,形容空空洞洞的情狀。
空手啦些,謂空著手。
孔孔,翹起的樣子。
孔竅,1喻智謀。2訣竅。
孔孔翹翹,顛跛不平的樣子。
啦嘎,話多吵雜的樣子。
罅力,力道夠。
罅拂,很難，夠你受，或不易做成。
罅喢,對某人的行為表示不以為然。
罅擺哩,1夠了。2有不耐煩的意味。
罅無底,以手觸不到底，喻難度高。
罅啊罅仔,輕輕地試探一下。
罅無頭,摸不著頭緒。
啦歌哩曲,哼著歌曲，表心情愉快。
蝲,蜘蛛。
邏三朝,結婚後第三天女方家人到新夫
邏姐婆,探望外婆。
垃圾,1骯髒，不潔。2俗稱有陰氣鬼魂。
裸面,反面。
裸翻歌,顛倒說的歌。
裸裸倒貶,翻過反面。
擸食,白吃白喝。
擸食狗,喻專門白吃白喝的人。
擸擳仔,指習於平白獲得他人財物的
邋邋𨒇𨒇,衣著髒亂的樣子。
邋邋埃埃,形容衣著髒亂不堪的樣子。
拉拉雜雜,混雜不純，有加強語氣的作用。
落底,底部破了。
落尾,1殿後。2後來。
落彩,逢好運，指事情的湊巧順利。
落熟,滾瓜爛熟。
邋臢,又髒又亂的樣子。
瘌瘌刻刻,疤痕纍纍、凹凸不平整的樣子。
壢溝,水溝。
瀝水,1疏通水流。2把鍋裡的水舀乾。
瀝淨淨,排盡、舀盡、刮盡、耗盡。
落大價,價錢狂跌。
賴人,怨怪或誣賴他人。
灑水,在煮菜鍋裡加一點水。
犁頭剷,跌跤時，身體重心不穩而向前
攋凳板,躺臥在長板凳上。喻生活悠閒。
睞啊過,瞥視。
濫濫,泥巴稀爛的樣子。
合惡,既差勁又兇惡。
攬總,總共。
攬揫揫,全部收歸一人所有。
濫糝,胡為亂來。
爛擐,破破爛爛。
懶尸,懶惰。謂肢體不動如尸。
懶仔,懶洋洋的。
亮線,整齊亮麗。
冷雪雪仔,冷冰冰的。
冷鑊死灶,謂時間已到，仍未開火做飯
零嗒,零嘴，零食。
落櫃,櫃底脫落，喻所有藏在櫃底不欲人知
邏尞,遊玩。或寫作「邏聊」、「遶尞」
恅著,以為、認為。
舌,伸出舌頭。
陋陋筲筲,形容很破舊簡陋。
漏胲,水由口邊流下。
利宮,脫離病境。
哩喲,語詞，哩喲合音，表提醒。
裡背,裡面。「裡」常說成（dí）。
懾著,恐懼，懾服。
溓水,水減少了。
領便,坐享其成。
聊,1休息，如「放聊」。2遊玩，如「正來聊」。
撩撩揬揬,動手動腳戲弄人家。
了了,滿滿都是的樣子。
了錢,虧錢。
笠嫲,用竹箬所編，可遮陽避雨的帽
捩捩轉,轉動不停的樣子。
哯哯,銜在口中不深的樣子，又引申為座位淺斜不穩的樣子。
臨臨仔,很接近的樣子。
臨時及急,謂時間急迫。
輪等來,輪留來，照輪。
略下仔,偶爾，形容次數不多。
量約仔,約莫。
兩頭烏,兩邊黑；或指天未亮及天黑。
溜掠,身手敏捷矯健的樣子。
罶人,設圈套拐誘他人。
犖犖仔,1稀疏貌。2偶爾。
攞攞合合,混合在一起分不開。
蘿蔔絲,以蘿蔔切成絲條曬乾後所成的
勞心擘肚,極費心思的意思。
老郎,形容老成持重，做事老到。
老姉老嫂,比喻老交情了，不用客套。
捋鬚,以手掠鬍子，有神情自若的樣
劣拙,猶言差勁、拙劣。
落文,入神。
落仔,紙袋子。
落泥時,出生的時辰。
樂線,1樂觀的樣子。2無責任感的樣子。
絡食,覓食。
犖犖确确,破舊鬆脫的樣子。
來去割,來回兩次損失。
卵崽仔,未成熟的卵子。
浪花四散,喻散落四方，如浪花四濺。
狼里狼攋,形容物品沒有收拾，凌亂不堪。
路頭路尾,指不定點的路上。
鑪鑪罅罅,形容養育小孩限於環境無法細心照顧。
攎手捋腳,捲起衣袖、拉起褲管，準備努
核,吃有核的水果時，果肉與果核容易分
律烏,形容很黑。
熝湯粢,把糯米漿濾乾，做成狀似「粢粑」的
摝人,打攪他人做事。
累追,小孩哭鬧纏人的樣子。
擂鼓,擊鼓。
論起真來,真正說來。
窿空缺,留有後路的活門。
毋曾,不曾，沒有過。常說成（mˇqienˇ）。　
毋當,不如，比不上。
毋在哩,不存在，指已死亡。
毋知頭,不小心，非有意的。。
毋盼得,捨不得。
毋多知仔,不知不覺地。
毋知頭天,不知天高地厚。
毋擔輸贏,輸不起，不認賬。
毋得爪,盼求脫離苦境的意思。
毋堪思量,不值得為他考慮。
毋係賭搞个,謂要慎重其事，不可等閒，不
麻斗,能力差，作是馬虎，敷衍了事。
麻苧一捋,喻處事不加細分，籠統而論之。
麼人,什麼人。「麼」音易連音變化說
麼个,什麼東西。「麼」音易連音變化
風,突然，義同「玄玄風」。
賣懶,偷懶。常說成（mainanˊ）
吂得時,還早得很。
吂曾正經,時候未到。
貌事,1視其外貌而估計其工作量或物之
乜做得,也是可以。
搣衰人,造成他人的困擾。
搣鬼搣怪,儘做一些不正當的事。
愐心事,想心事。
貓徙竇,諷喻常搬家或換位子。
貓扡粢粑,喻不易擺脫是非的糾纏。
謀頭路,計畫經營事業。
味做事,只知道專注於工作。
每擺,每一次
尾蹀蹀仔,得意的樣子。
尾擸擸仔,尾巴下垂貌，形容落寞喪氣的
微毛末節,形容微細的事情。
抺籮抺,忙這忙那，忙不出名堂來。
米篩目,粄類，用篩子刷成條狀，經熱水燙成
摸螺挖蟹,指撈取田螺或捕捉螃蟹、蝦等
面帕,洗臉的毛巾。
面北北,面朝他方不理人的樣子。
面臭臭,沒有笑容，生氣的樣子。
面紅洎炸,顏面充血，臉色通紅的樣子。難為情或害羞的表情。
免得,以免。
勉勉仔,尚可，雖非甚佳，勉強合意。
毛鬞鬞,毛髮蓬亂。
無成,難不成，難道。
無愛,不要。
無就,不然的話。
無才調,既無才能也無格調。
無下落,1沒著落，也罵人做事不明確了斷。
無恁該,沒那麼容易。
無眼睇,不把人放在眼裡。
無結無煞,不知如何是好。是無結煞的加
無搭無碓,沒意思、沒趣味。
無款無僭,不成體統，不像話。
無婆無卵,喻男性單身。
無閒洎杈,形容忙得無法開交。
莫講,別說，何況，作連接詞用。
莫佢,別跟他一般見識。
脢盎仔,太陽穴。
望啊望仔,隨處張望的樣子。
罔用,值得使用。
罔食,尚可一食，值得一吃。
罔講,隨便說說。
罔罔仔,還不錯。
暮固,沉默少言。
歿子弟,稱沒有用的孩子。
目水,指以眼目測的能力，即視力。
目摸目罅,視力模糊，四處摸索的樣子。
目汁濫泔,眼淚縱橫的樣子。
濛紗煙,霧氣。
淬水,火熱的東西物放入水中冷卻。
取在佢,任由他決定。
取總,聚集，集合。
斜斜,不正貌。
淨係,1只是，僅僅，「單淨係」的省略。2清一色都是，如「奈就淨係」。
青里里仔,臉色發青的樣子。
晴冷,形容晴朗而寒冷的天氣。
撨時間,騰出時間。
七層塔,香菜名，似「羅勒」，可作佐料。以
七攞八合,各種各樣的東西摻雜在一起。
七好過八,謂本事比人差，興致卻比人
賤手賤腳,手腳不規矩，喜歡亂動亂摸。
前世無修,前世沒好好修行，才造成今日之後果。
曾係,難道是？
尋尾,食髓知味。
靜辦,形容簡單不勞師動眾的活動。
盡命仔,竭盡心力地。
儘採,隨便。
躍上躍下,跳上跳下。
就係,就是。
揫亼,收拾整齊的樣子。
從頭漸二,從頭開始，按著順序。又說成「從頭接二」、「從頭疊二」。
你這兜,你們
你做你𠊎做𠊎　　,你是你我是我
若金,亮晶晶
若係,如果是
若个,你的
納意,中意
舌,味道重的舌頭難受
角仔,毛毛蟲
捺腰仔,束腰
死人,笑死人
奈久,何時？
奈下仔,哪個時段？
奈位,1.哪裏？2.哪個？
奈個,哪個？
奈央時,何時？
奈毋何,受不了
耐命,生命力超強
耐嫩,駐顔有術
耐看,久看不厭
耐飽,不容易餓
耐當,撐得住，耐用
泥泥,笨拙的樣子
泥胚,尚未燒製成陶器的泥塊
泥混混仔,沾滿泥土的樣子
泥蛇一畚箕,喻多而無用之人
喃喃呢呢,形容做事沒有魄力不果決
揇腰跤,摔角
難剃頭,喻事情難以處理或人難以應付
另命,拚命出力
闌腰仔,半腰
鬧熱,熱鬧
鬧熱煎煎,形容非常熱鬧
撓人,哈癢
撓肢胳,搔人腋下胳肢窩，使人發癢
膩胲,感油膩而生畏的樣子。
躡腳尾,提起脚跟
餒餒,內向柔弱的樣子
淰淰,滿滿
淰黃,形容色彩黃甸甸的
淰盆淰缽,謂容器皆盛滿
乳𡟓,奶媽
乳豬仔,指初生不久的小豬
凝心,轉動之物，因重心穩定，中心呈靜止的狀態
醹醹,汁液很濃
鈕仔,鈕扣
魚生,生魚片
魚鱗痣,手腳長出突起的小肉疣
魚幫水水幫魚,比喻彼此互惠
女家頭,論婚嫁時的女方家
五月節,端午節
嬰兒仔,嬰兒
吾个,我的
牙搓仔,牙刷
牙齦肉,齒齦
牙西西仔,牙齒微露，得意的笑貌
牙射射仔,牙齒尖銳突出的樣子
牙狌狌仔,牙齒顯露，一副要咬人的樣子
牙研目皺,一種忍受痛苦的情狀，牙齒相互研磨，眉宇緊鎖的樣子
雅式,典雅
瓦析仔,瓦片
呀叫,放聲大哭
磕石,以額頭碰撞石頭
齧牙,磨牙
齧鋸,鋸片被夾住。喻做事進行不順
齧牙齒,咬牙切齒
囓鬼,諷吝嗇之人
囓掣,吝嗇
𠊎豈毋知,我怎麼會不知道
𠊎兜,我們
巖頭,前額突出的樣子
頷頭,1.點頭敬禮2.答應
頷頷拜,連續點頭的樣子
頷膽,糊里糊塗的樣子
研末,磨成粉末
研孱,長不大的樣子
硬腱,質地結實的樣子
硬程,堅強
硬鉸,關節不靈活
硬頸,不聽話、不順從人，多屬負面意義
硬殼,形容個性頑固
硬拚拚仔,猶言硬繃繃的
轉來,轉過來
咬軋,齟齬
咬薑啜醋,喻生活儉苦，三餐以薑、醋伴飯過活
熬更守夜,即熬夜。形容工作辛苦
鰲梨瓜,喻東西歪斜不正
二絃,指高音椰胡
二貨仔,二哥
義父爺,義父
疑狐,狐疑
耳公,耳朵
耳砣,耳垂
耳聾,謂耳聾的人
耳靴靴仔,充耳不聞貌
耳聾頂碓,形容聽覺不靈光
若个,你的
若婆个朳仔,罵人的話，表示否定對方的言語或行動
捻菜包,用手指捏菜包
囁囁動,嘴巴一張一合的樣子
攝衫袖,捲起衣袖
目,眨眼
爧,閃電，閃光
凹忒,塌陷
額結結仔,愁眉不展貌
額數,數額
廿廿趖,蠕動的走著
拈香,以手拈香粉在神靈前祭拜
拈鬮,抓鬮
拈禾串,撿拾稻穗
拈籤卜卦,抽籤占卜吉凶
拈燒怕冷,謂人處事只取利己的，閃避不利的
拈揚尾打草蜢,謂遊玩嬉戲，不幹正經事
黏時,即時，立刻
黏牙帶齒,形容說話或做事不乾淨利落
黏黏浹浹,又濕又黏的感覺
嚴條,規定嚴格
釅茶,茶葉茶
硬硬,偏偏，硬是
迎龍,舞龍
迎鬧熱,迎神賽會
尿泡,1.動物的膀胱。2.裝尿的袋子。
尿墊仔,尿布、尿片
藕薯,植物之一種，即葛鬱金
嫋絲嫋絲,枯萎，不茂盛的樣子
喁毛,愛計較挑剔的性格
入來,進來
入骨,比喻到極點
入屋,1.進入房屋裡。2.新居落成，搬進新房住。
入軟,形容非常柔軟
入腹,進入心中
入年假,進入新年的假期，指陰曆的十二月廿五日起
入軟丟韌,形容非常柔軟而堅韌
,門啟動聲
日頭,太陽
日見日,一天天地，一天比一天
日到夜,日連夜，即日以繼夜
日時頭,白天
日腳,為了用事吉利而選定日子的用詞
蟻公,螞蟻
艾粄,米糕摻和艾草做成的米食
艾菜,茼蒿
月光,月亮
月給,月薪
月鴿仔,鴿子
熱著,中暑
熱嘴,吃得很有味道，欲罷不能
熱痱仔,痱子
熱仔,形容炎熱
殗殗,病弱無神貌
願頭,興趣
願菸,想吸菸的念頭
原旦,舊有的，本有的
原在,原有的，從前的
年下仔,接近過年的時段
年視年,一年比一年
年三夜四,指臨近年關的時候
眼時,眼前，當下
眼水,視覺的判斷能力
眼契契仔,勉強硬撐的眼神
眼晶晶仔,形容眼睛亮晶晶的
眼盯盯仔,瞪大了眼睛在看
眼茫鼻花,精神疲憊，視力模糊
撚死死,1.捏死。2.牢牢的抓住，不肯放手
撚雞胲,喻識破真象
撚鹹菜水,把浸漬的鹹菜水份擠乾，或戲稱男人小解。
認人,一般指小孩能認出熟人與陌生人
認份,守份，安份
認床,在陌生的地方不能熟睡的現象
人老,人死亡的諱稱
人客,客人
人公仔,人俑，人偶，漫畫的人像
人家女,指未出嫁的女子
人暈氣散,暈厥氣欲絕的樣子
人靚不如命靚,貌美不如命好
虐削,1.皮膚受到芒刺而痛癢的感覺2.因困窘而感到不自在
虐毛蟲,毛毛蟲
軟腳蟹,1.軟腳的螃蟹，喻沒有骨氣的人，即「軟腳蝦」。2.指沒有勞動的人
軟怠怠仔,軟弱無力的樣仔
軟習習仔,軟綿綿的
軟粢貼碓,喻軟綿綿的，無法著力的樣子
仰得時,為時尚早!
仰般,怎麼樣?
仰仔,怎樣?
仰會,怎麼會?
讓嘴,1.把好吃的東西讓給他人吃。2.說話留餘地。
讓身仔,整個身子投入，毫不保留的
牛子,小牛
牛形,罵人頑皮得像牛一樣
牛牯,公牛
牛眼,喬木果名，龍眼
牛嫲,母牛
牛倒草,牛反芻。喻說話不得要領，來回重複
牛搵浴,1.牛在水裡泡澡。2.「湯粢」的別稱，又說「牛搵水」
牛跈馬走,牛跟馬跑。用以比喻自不量力
牛欄肚鬥牛嫲,喻人長於內鬨，拙於對外
牛老車過,喻東西老舊毛病多。
扭糾,形容難纏，不乾脆
扭尸胐花,屁股扭動的樣子。
肉氣,指肉類食物
肉麩,肉鬆
韌床,賴床
忍尿,憋尿
銀角仔,硬幣
繷線,寬鬆
餓晝仔,沒吃中餐
臥臥倒倒,頭腦不清晰的樣子
鵝嫲,鵝媽媽
鵝豚仔,亞成鵝
噩夜,熬夜
愕愕然,事覺意外，驚懼不知所措貌
水,魚在水面嘴巴開合貌
外水,外快
呆呆,傻呼呼的
戇仔,傻瓜
戇面,長相傻傻的樣子
戇霸戇霸,大而笨的樣子
戇神戇神,神情呆滯
戇人有戇福,傻人有傻福
戇狗想食豬肝骨,喻異想天開，癡人說夢
昂昂,昏暈的樣子
昂山,迷失了方向
頑頑,冥頑不靈的樣子
呢呢哪哪,1.說話令人聽不懂的樣子2.兩人說個不停的樣子
藕藕,不平整貌
惄忸,因外力引起瞬間的驚嚇
糯米氣,1.指用糯米做的食品。
外背,外面
挼雪圓仔,搓湯圓
挼泥毋洗手,喻朋友感情融洽
腦之背,指腦後頸上之部位
暖壺,保溫瓶，熱水瓶
煖水,把水加熱
妄想,1.不能實現的非份念頭。2.用「妄想」做禮物送人，是敷衍人的話語。
枉為,「枉費」的訛音，意謂白做了
蠕蠕動,蟲類微動不停的樣子
嫩習習,形容很細嫩
曩時,往常
掄耳公,將物伸入耳朵轉動
弄老媱,裝扮成老婦人來演丑角
噥噥哢哢,多言不斷的樣子
膿頭,1.皮膚病變的根部，化濃後脫落，病就痊癒。2.喻團體中帶頭做壞事的人。
鬞交交仔,形容亂糟糟的
鬞頭不律,紛亂沒頭緒的樣子
鬞頭絞髻,紛亂的樣子
弄鬼弄怪,1.挑撥是非。2.裝神弄鬼做不正經的事。
怕會,揣測語氣，也許會
扒飯,以箸將飯送進口中嚥食。也寫做「划飯」。
爬床扡蓆,形容病床上的人極端痛苦的情狀，以手抓床拉蓆。
拔蚊仔,揮趕蚊子
拔翼,拍打翅膀
拔塵灰,拂去灰塵
鍊,項鍊
潑汗,大量發汗
潑血,大量出血，即血崩
撥涼,用扇子搧風使涼
撥扇仔,揮動扇子
撥火,以扇子搧火使著
伐草,砍除草木
白拂,白吃或白白被打
白行,白走一趟
白頭公,白頭翁，一種鳥，頭頂白色
白面仔,即白腹秧雞，俗稱「補鑊鳥」
白翼仔,即八哥，色黑，展翅時翼下露出白羽，故名之
鮊哥仔,鱲魚的一種，淡水河中一種白色細鱗的魚。俗稱「溪哥」
敗家,1.耗盡家產。2.浪費
稗仔,粟類植物，長於稻田中，莖葉形似水稻，實如粟。
敗勢,不好意思
派頭恁粗,架勢那麼大
排場,舖張，場面熱鬧
盼得,捨得。
翻死,形容輕易的把人打倒
盤水,將水從甲容器舀到乙容器中
盤車,轉換車輛
攀擎,善於翻騰跳躍，形容頑皮
攀籬吊壁,翻越籬笆，爬登牆壁。
冇卵,無精卵
冇冇,1.不充實的樣子，如「穀冇冇」。2.喻做人不實在
冇輕,重量很輕的樣子
匉勻來,分開使之均勻
嗙雞胲,1.吹氣球2.吹牛
棚頂高,樓上或棚架上方
拋鹽,在食物上撒鹽後，上下拋動，使鹽味均勻
拋拋滾,沸騰冒泡的樣子
拋花作浪,形容波濤洶湧，猶言「浪花滔天」
跑馬朗朗,騎著馬輕快愉悅的樣子
別人个腳髀挼索仔,喻利用他人，不知分寸。
浮皮面仔,薄薄的表面一層
屁卵嗊天,形容屁聲連連
鼻公,鼻子
鼻香,聞香
鼻屎,鼻中分泌物所結的硬塊
濞流濞竄,謂鼻涕在口鼻間上下流竄
濞著个,以鼻涕黏著固定的。喻不夠堅牢
濞水濫泔,形容鼻水流得很多的樣子
濞流毋知擤,流了鼻涕也不知擦，喻痴呆
呸血,吐血
呸口潾,1.吐口水。2.唾棄
批人,佔人便宜
被骨,1.被胎。2.泛指棉被
皮寒,發燒的人，感覺身體寒冷的樣子
疲爬極蹶,努力掙扎的樣子
肥累累仔,胖嘟嘟
肥湯,高湯
平高平大,一樣高一樣大
平洋,平原
蝠婆仔,蝙蝠
騙人毋識,有什麼稀罕，或自以為了不起
便所,廁所
便菜飯仔,家常菜飯
偏背罵皇帝,喻畏於權勢而不敢當面說，只在背後說人壞話。
便宜又值食,喻物美價廉
便宜無好貨,價錢便宜的東西，往往不是很完好的東西
拼毛辮仔,絞合毛髮以成髮辮
乒乓,乒乓球
憑筊仔,向神明請示時，依擲筊來定可否
聘等,1.絕對。2.約定。
贌屋,租屋
破病,生病
破柴,劈柴
浮浮冇冇,形容漂浮的樣子
烰菜,1.油炸菜餚。2.油炸的菜餚
背祖,違反祖宗規矩
背僻,偏僻
胚想,猜想、推測
賠命仔,賣命地、拚命地
翻血,大量吐血
翻腸仔,宰殺家禽家畜時，把腸子內面翻出來清洗
膨風,1.脹氣。2.言詞誇大不實
膨線,毛線
膨凳,沙發椅
膨風茶,東方美人茶
豐沛,謂菜餚豐盛。又寫作「澎湃」
䠙上䠙下,來回奔波
老鼠,窺視老鼠的行動
孵卵,孵蛋
步數,1.拳術武藝的招式2.步驟
普帲,整片都是
鋪橋施路,捐錢出力造橋鋪路
符誥,符咒
烳茶,煮茶，指煮開水
烳鏍,炊爨的鍋屬
匍澇,邋遢的樣子
瓠仔,瓠瓜
瓠杓,瓠瓜剖開做成的杓子
普普仔,模糊不很清楚貌
浡欄浡出,溢得到處的都是
伏落去,趴下去
仔,皮面所起的小泡
覆菜,將芥菜醃製後，曬成半乾，擠進瓶甕中，再將甕口封好，倒置保存，久存後，拿來食用，氣味芬芳。雅稱「福菜」，取其諧音。
噴睡,熟睡時打鼾的現象
噴香,形容香氣四溢
賁皮,皮層很厚
歕雞胲,1.吹氣球。2.吹牛
盆頭講到缽,「盆頭」與「缽」是相同的廚房容器。喻用各種不同的說法來說明相同的東西，還是無法理解
蜂糖,蜂蜜
蓬白,形容滿眼都是白色
縫仔,隙縫
續手,順手去做
挱著來,抓起來
奢鼻,1.神氣活現的樣子。2.愛面子、愛現的樣子
嗄,卻
喢飯,吃飯
沙鐐,圓鍬
蛇哥,蛇
蛇過尋棍,事過才來補救，喻錯過了時機
儕儕,每個人
煠蕃薯,把甘藷放在水裡煮熟
眨目,眨眼
閃走,跑掉、躲開
碎,粉碎
舌嫲,舌頭
舌仔,舌頭伸出很長的樣仔
蝕本,虧本
煞猛,努力
煞煞仔,儘速的、賣力的、積極的
石炭,煤炭
石𡟓,民間信仰為守護小孩的神衹。尊為石姆娘娘
石,石頭砌成的堤防。
石跳仔,在水中間隔擺置用以墊脚行走的石頭。
石碫仔,石階
曬鹹淡,醃曬各種蔬菜
人戇仔,欺騙他人，把人看成呆子
豺蟲,蛔蟲
徙位,移開原來的位子
衫褲,衣服
三八,謂行為不正經
三層肉,肥瘦相間的五花肉
三不二時,偶爾或常常
三隻鼻公空,謂多管閒事
三十暗晡个飯甑,自己需要用，無法借給他人使用
三日打魚四日曬網,喻工作時做時歇，沒有持續
糝糝,飯粒不黏的樣子
山排,山坡或山腰
山峎,山脊的稜線
山精,少見世面的人
山狗太,即攀木蜥蜴，棲息於樹枝上
山豬學食糠,喻外行人充做內行事
搧嘴角,打耳光
勯勯,形容人沒有元氣，病懨懨的樣子
生份,陌生
生卵,1.還沒煮過的蛋。2.生蛋
生鹵,生銹
生成个,天生成的，原本是如此的
生食芋仔,生食芋仔•扡胲。喻遇到困境。
生鹵遇捱,形容生鏽生得很嚴重
聲失失,同「聲喑喑」，即聲音沙啞
星光半夜,即「三更半夜」
成時,有時候
城隍廟个蚊仔,喻吝嗇。歇後語，城隍廟个蚊仔•囓鬼
省使,省得麻煩
省儉,生活節儉
省死省命,形容極為節儉的意思
哨仔,響笛
誚誚,冷言冷語，冷嘲熱諷
麵,把麵條燙熟
粄圓,將湯圓燙熟
細姐,小老婆，姨太太
細義,1.客氣。2.小心
細人仔,俗稱小孩子
細妹仔,女孩
細倈仔,男孩
細阿姊仔,小姐
婿郎,女婿
舐嘴擸鼻,把舌頭伸出舔取口邊的餘津，形容吃得津津有味的樣子
嘶胲另命,猶言聲嘶力竭。也作「抽胲另命」
蛞螺仔,蝸牛
洗身,洗澡
洗面,洗臉
洗衫,洗衣
洗碗有相磕,喻相處一起難免會有衝突或磨擦
蝨嫲,1.頭蝨。2.曾孫
生趣,有趣
生理,生意
牲儀,祭祀時所用的牲品
星仔瀉屎,指流星
肖雞,生肖屬雞
笑筊,擲筊時，兩面都呈現陽面，表尚有不足之處
笑哂哂仔,笑嘻嘻的，微笑
兆頭,預兆
消息仔,器械的活門，猶言開關
捎壞話,把壞話轉告他人，以挑撥是非
燒水,熱水
燒金,1.燒紙錢給神明。2.泛指拜神。
燒暖,指天候溫暖
燒氣發冷氣,由高興變得一肚子氣
小可仔,1.稍微的。2.輕微的
小郎叔,小叔。稱丈夫的弟弟
小娘姑,小姑。稱丈夫的妹妹；稱丈夫的姊為「大娘姊」
少人一身債,欠人很多債
少食多香氣,吃得少，便覺得香味多多
尸胐,屁股
尸背尾,背後
示眾,在眾人面前丟人現眼
世大人,長輩
恃等,1.仗著。2.很有自信貌
蒔田,插秧
字墨,指學問
私胲,不被家人所知的私人錢財
思量毋得,不值得同情
蓍茅抹草,驅煞避邪物。俗謂以茅草綁「抹草」泡水滌身可以驅煞避邪
詩句碌碌,說話時常引古書中的文句
師仔,徒弟
師傅話,1.行業術語。2.歇後語
時生月日,出生的年月日時
使人,使喚他人
使錢,花錢、用錢
使梟,使詐
使卒仔,供使喚做差役之人
使狗相咬,從旁煽動，使他人爭吵或打架
駛牛,駕馭牛隻工作
屎出挖糞窖,想要解大便時才來挖糞坑，喻緩不濟急
屎烏蠅,1.紅頭蒼蠅，常停在食物上，令人討厭。2喻喜歡巴結逢迎他人的人
屎出褲帶又打結,急著想解大便，偏偏褲帶打結解不開來。喻急死人了
十二月芥菜,歇後語，十月芥菜•假有心。喻沒有誠意
十二兩翹翹,喻死亡
濕溚溚仔,溼漉漉的
實疊,踏實，紮實
食力,1.很吃力。2.著力
食夜,吃晚餐
食晝,吃中餐
食朝,吃早餐
食酒,1.喝酒。2.喝喜酒
食飯,吃飯
食粥樣仔,像吃稀飯一般容易
食粥攋凳板,喻生活清苦，卻過得自在
食飯打赤膊,【俗】食飯打赤膊，做事尋衫著。謂吃飯時吃得很賣力，工作時卻在偷懶。
食飽毋得飯變屎,責備他人總是做一些無意義的事。
失魂,暈厥
失禮,1.忽略了應有的禮貌。2.道歉的話
識見過,曾看過
聖筊,擲筶時一陰一陽的卦象，示肯定
神投投仔,神情投入，煞有其事的樣子
承水,以盛器接水
承勞,為雇主勞心勞力之人
掃地泥,掃地
挲鹽,抹上鹽巴
唆慫,唆使慫恿
痤痤,精神委靡的樣子
所爭,謂有所差異，也說成(sòzén)。
所費,費用開支
鎖匙,鑰匙
說到企起來,讚譽有加
刷米篩目,舊時製「米篩目」米食，是將「粄粹」用手在「刷仔」上搓壓到熱水中，汆燙煮熟，再用冷水冷卻而成
杓嫲,用瓠瓜剖成兩半，挖空果肉，做成的舀水杓子
縮結,謂精簡扼要
索仔,繩子
索恬,靜寂無聲
睡目,睡覺
睡當晝,睡午覺
衰漦,1.倒楣。2.沒格調
衰鳥遇著狂銃,運氣不好的鳥被亂槍的子彈打中，喻倒楣。
算數,1.結算賬目。2.事情的結果被認定有效
酸澀,指酸酸澀澀的果實
酸丟丟仔,形容很酸的樣子
痠軟,指筋骨痠痛無力
桑仔子,桑葚
上下,1.來往。例句：有上下，正來料。2.大約
上下,1.上面和下面。2.尊卑
上早,早先時刻
上背,上面，指地理方位的北部
上站仔,以前的某一段日子
上橫頭,指尊位
上煎下煏,上下交迫。處在極艱困的環境裡
尚勝,得寸進尺，恃寵而嬌
尚樣,指小孩學壞樣子
傷面,形容作為有失情面，常作形容詞用
上崎,上坡
上教,指學習者領悟力很強
喪忒,死掉，指夭折
上土,農作物成長期間，在其基部添加泥土
上樑,架上樑木
爽本,耗資，有奢侈浪費之義。
爽豐,很懂得享受
素需,樸實簡單而實用的樣子
樹杷,樹的枝葉
樹乳仔,1.橡膠。2.橡皮筋
受氣,生氣，被人或事所激怒
輸贏,1.輸或贏。2.比個高下
收揫,收拾起來
收冬戲,秋收之後，酬神的平安戲
手,手肘及手掌近腕處
手鈪,手鐲
手指腡,指頭的渦狀紋理，指紋
手脥下,腋下
手落仔,手套
手瘸瘸,手不靈光
手抩手扡,胡亂抓取
手扡扡仔,想要用卻沒得用的樣子，猶言捉襟見肘
熟事,熟識
熟面熟面,很面熟的樣子
叔公阿伯,泛指家族長輩
綏忒,布紗鬆散掉
隨在你,任憑你
隨來隨鬥,猶言隨機應對
水沖,瀑布
水打田,大水沖毀田地。
水衣仔,雨衣
水紅色,淺紅色，粉紅色
水粄仔,用米漿蒸成的米糕
水靴筒,長筒雨鞋
水溓忒,水乾涸了
水褲頭,內褲
順帶仔,順便
順得姑來逆得嫂,喻顧此失彼，難兩全
脣項,旁邊
巡田水,查看田裡的水是否適量
送庚,在新生小孩十二天後，準備雞酒送到外家，通報新生兒誕生的訊息，外家則回送嬰兒用品給新生兒，延伸為一般人送新生兒禮物的習俗。
送背銃,事後才誇大其辭的人，猶言馬後炮
送人就無愛,送給人，人都嫌棄。表示物品沒有價值
雙生仔,雙胞胎
雙旋牯,髮旋有雙圈的男子。一般謂此種人比較兇
鬆爽,輕鬆愉快
踏出踏入,躊躇不定、來回走著的樣子
糴米,買米
頸,吊頸、自縊
粽仔,繫粽子。
大細,謂家中的小孩
大箍,胖，腰圍大
大自家,大家
大衿衫,胸前左右交疊側姙的衣服
大頭𢼛,謔稱大頭
大娘姊,稱丈夫的姊姊
大戇牯,大傻瓜
大婆細姐,妻與妾
大雞拑細雞啄,喻受眾人的欺負
递藤,藤類植物莖葉蔓生
刣魚生,切生魚片
探石跳仔,在河床上鋪石頭路，每個石頭之間，有空隙供水流通
探橋,架設橋樑
淡濫淡濫,覺得沒有味道
憚憚,害怕得一直發抖
癱風,中風後癱瘓的病
檀香準柴燒,喻不識貨，將貴物賤用
聽講,1.聽說。2.聽話
聽毋識,聽不懂
廳下,大廳地方，一般指有供奉祖先的客廳
沓沓,密而實的樣子
忒多,太多
手,幫忙
眾,合群，與大家一同
跈等,1.跟著。2.隨即
跈毋著,跟不上
挺挺昂,臉朝上躺著，與「盦盦覆」是相反詞。「昂」音常惰化成(ngó)
透夜仔,整夜
透心涼,涼徹心肺
豆腐肩鴨嫲蹄,謂挑不起重擔走不了遠路的人
毒老鼠,把老鼠毒死
偷偷,暗中夾藏的樣子
偷食毋知捽嘴,喻做壞事留下把柄
頭先,先前
頭前,前頭，前面
頭那,頭
頭路,職業或工作
頭擺,指很久以前
頭家娘,老闆娘或稱主人的太太
頭重輕,擔子一邊重一邊輕，兩邊不平衡
頭沉沉仔,熱衷專注於某事的樣子
頭攋攋仔,低頭而無精打采的樣子
頭頷尾著,1.態度和順有禮的樣子。
頭生仔,指沒有人性的禽獸，是罵人的話
敨氣,1.把氣舒出。2.呼吸。
敨水,摻入水
敨涼,休息一下，使之舒爽
地泥,1.泥土。2.地面
地理先生,勘輿師
剃頭,理頭髮。古時理頭髮用剃刀刮，故稱「剃頭」
剃頭刀仔幫卵,喻驚險萬分
題錢,捐錢時把自己名字寫下，並記載認捐金額
墊頭,把東西當枕頭來墊
墊錢,先墊付錢
添飯,盛飯，裝飯
添放忒,忘了
甜粄,指年糕
悿死吔,累死了
糶米,賣米
挑試,蓄意
挑竻,取出肉中刺
條直,1.正直。2.乾脆俐落
調羹仔,湯匙
跳上跌落,1.跳上跳下。2.忙裡忙外，忙得不可開交的樣子。
迪迪ㄊㄊ,忽進忽止，進行不順暢的樣子
凸凸,突出貌
鐵精,鋼筋
電火,電燈
電毛,燙髮
電線楯,電線桿
電鑊仔,電鍋
天弓,彩虹，虹在天邊彎如弓
天光,天亮
天時,天候、氣候
天光日,明天
天公地當,非常合理，天經地義。
天普普仔,天色模糊，即破曉
天烏地暗,謂上下四方都很暗。
田坵,畦田，一塊田為一坵
田塍,田埂
田頭園尾,泛指田園農事
定定,而已
定定仔,沉著穩定的
定著,一定
停動,1.做動作。例句：鳥子跌啊下就毋會震動吔。2.移動
停鉈,1.停止。2.延遲
渟茶,斟茶
暢蹀蹀仔,形容高興的樣子
忒釅,純度太濃
溜弓蕉皮,1.喻滑了一跤。2.喻落榜。
拖仔,抽屜
拖勻,兩相平均
拖皮,拖延的習慣
拖拖挷挷,猶言拉拉扯扯
拖毋來毋去,1.喻反應遲鈍，呆滯。2.喻態度消極被動。
橢角,長而圓的彎角
陶盎泥,製陶器之泥土
綯牛,以繩索把牛拴在一定點
討食,乞食，要飯吃
討心舅,娶媳婦
討餔娘,娶妻
奪地氣,貼近地面，因以襲取地氣。
脫爪毋得,被糾纏無法脫身
擇菜,挑揀青菜
代身仔,1.替身。2.替死鬼
梯棑,樓梯
推懶,推諉偷懶
斷截,斷掉，斷成兩截
斷烏,天黑了
團魚仔,即鱉，「鱉」與「屄」同音，諱言，又「團」因受連音變化而成「塘魚仔」
揣令仔,猜謎
宕工,拖延工作時間
宕睡,睡覺睡過頭
盪嘴,漱口
糖仔,糖果
糖蜂仔,蜜蜂
渡人,照顧孩子
圖食,貪吃
土狗仔,螻蛄
退紅,消炎
蛻殼,蟲類、爬蟲類蛻皮
鈍槽,指家畜沒食慾
鈍刀嫲,1.不利的柴刀，引申為沒有實力。歇後語，鈍刀嫲•無鋼。2.喻暗藏實力，不可等閒視之。
遁走,隱逃而去
痛腸,形容哀切苦楚
痛仔,形容很痛心
動啊著,1.稍微碰到。2.動不動就....。
同著人,與人通奸
話著,以為
偎靠,依靠
滑鼻,穿鼻的孔脫裂
滑溜,流暢、流利
滑臭屁,放臭屁
斡頭,轉頭、掉頭
斡來斡去,彎來彎去
泧冷,冰冷的樣子
歪哥淒汊,形容歪斜不正
歪怪,自己不需要，看見他人有也想要有的心態
彎斡,指道路或河流彎曲
彎彎糾糾,彎彎曲曲
還山,出殯
還背,禮尚往來
挽上去,掛上去
橫忒,倒下
橫貼貼,完全倒下
橫財,不義之財
橫打直過,橫行霸道
橫樵擎入灶,柴火橫著放進灶孔裡。喻蠻橫不講理肆無忌憚，
撝肥料,施撒肥料
噦噦滾,哇哇叫
畏胲,吃膩了
為非糝做,為非作歹。
窩窟,凹陷處
窩湖,低窪的地方
禾仔,稻子
禾串,稻穗
禾稈,稻草
禾埕,曬穀場
禾鐮仔,割稻子的鐮刀
鑊仔,鍋子
攉忒,丟棄
揋石頭,投擲石頭
煨蕃薯,將甘藷埋置於火熱的灰燼中，使甘藷熟透的過程
完隻仔,整個
碗公,大碗
碗棧仔,餐櫥。也就是「碗櫥」。
往擺,過去的每一次
黃蚻,蟑螂
黃梨葛,植物名，即瓊麻
黃雞灢,黃褐色黏稠的雞大便，奇臭
黃狗曬,如狗仰躺張腿的不雅姿態
黃梨皮摒屎,歇後語，黃梨皮摒屎‧來去割。喻雙重受害。
芋荷,即芋的莖葉，似荷花，故名
芋荷形,謂能賺錢卻存不了錢的人。如荷葉承水，多了一點即傾瀉盡淨
烏青,皮下層瘀血
烏色,黑色
烏陰,陰暗
烏蠅,蒼蠅
烏心肝,指壞心腸的人
烏鈕草,植物名，即龍葵
烏紅,深紅色
烏,指很冷的陰雨天氣
烏疏疏,猶言「黑漆漆」
武夫,形容粗暴不講理
武頓車槌,形容身材粗壯結實
舞麼个,在幹什麼？
搵著,扭傷。
慍悴,心中鬱悶不樂。
屋下,家屋
屋簷鳥,即麻雀
搵豆油,沾醬油
搵地泥,躺、坐在地上或在地上打滾
汶水,混濁的水
炆筍乾,小火長時間的煮筍乾
蕹菜,俗稱空心菜
四柱骨,豬牛羊等四肢的骨頭
四句,在婚喪喜慶的場合，所說有韻的四句吉祥話
四四散散,散落四方，分布很廣
四炆四炒,客家人宴客時的菜色，有四種炆煮和四種炰炒的料理
四腳惹天,四腳朝天
西瓜偎大片,喻趨炎附勢。
死佬,死屍，謂頭腦僵化不知變通
死執,固執到極點
死睡,貪睡不醒
死,罵人貪吃
死鹹,鹹到極點
死無變,謂至死都不會改變
死鴨仔硬嘴,鴨子死了嘴還是硬的。喻強辯
瀉走,溜走
瀉衰人,使人蒙羞
瀉人面皮,丟人的臉
洩水,水滲透出來
洩尿,1.尿忍不住而往外流。2.喻對他人言行不敢苟同。
楔牙齒,塞牙縫
惜入骨,疼愛至骨髓裡，形容極其疼愛
惜花連盆,猶言「愛屋及烏」
錫桶仔,亞鉛板用錫焊接而成的水桶
餳人,誘惑人
餳烏蠅,招引蒼蠅到來
醒醒,1.米食菜餚未熟透貌。2.清醒的狀態。
醒睡,睡覺時警覺性高
漦液,精液
漦濞就毋知,精液和鼻涕都分不清楚。比喻年幼無知。
席面,酒席上菜餚所呈現的狀況
席店,一般對飲食店的稱呼。
息把仔,一點兒，稍微
雪圓仔,湯圓
煽動,用言語誘惑他人
仙仙,喻人漫不經心的樣子
洗水,清澈的水
跣淨淨,脫光光
抋啊抋仔,持續柔性的上下彈動
沁涼,泡入涼水中的感覺
心焦,因思念而難過不安
心舅,媳婦
心肝仔,心肝寶貝
心野野,不能定下心來的樣子
心挖挖仔,一心一意追求的樣子
心肝勃勃飇,因恐懼而心跳加速的樣子
信仔,確信不疑
性體,脾氣
性暴暴仔,謂急躁暴戾的個性
新色,1.新奇。2.時髦
新腳仔,新手
新娘公,新郎
先生,稱有學問有專長的人
先生娘,尊稱「先生」的太太
,呆愚貌
到毋會爪癢,笨得連癢了都不會抓，喻笨極了
相打,打架
相閃,彼此錯開
相唚,接吻
相,發生戰爭
相堵頭,相遇
相打比背,打得不可開交
想空想缺,用心想計謀
蒐上蒐下,到處走動窺視搜尋
修直,筆直
俗拔拔仔,形容很俗氣
詐死,裝死
詐睡,假裝睡著了
詐毋知,假裝不知情
詐戲仔,不是真心的，假裝
遮仔,傘
遮仔節,毒蛇名，雨傘節，又叫「花傘柄」
浙濟,1.濕濘貌。如「目屎浙濟」、「落雨浙濟」。2.糟糕。
砸磳,強壯結實
摺衫褲,摺疊衣服
拶拶,很密很擠的樣子
拶腹,實心
紮稈,紮稻草
折福,不愛惜擁有的幸福
摘茶,採茶
炙茶,燒開水泡茶
矺年,1.壓歲。2.事情積壓，拖過新年
齋蔬,素食供品
齋公仔,非正式和尚，指未出家剃度的道士
湛斗,很好，很優秀
秥米,在來米，較沒黏性，有別於蓬萊米、糯米
嶄然慶,十分能幹
孱孱,養而不長的樣子
蹍前,提前
蹍腳毋歇,無法駐足
正到,剛剛到
正板,1.正統。2.端正
正來聊,原意為「以後再來敘一敘」，今已成與朋友或客人分手時的道別應酬語，猶如說「再見」。
爭生理,搶生意
笊簍戽水,喻徒勞無益
燥尾,毒蛇名，即青竹絲
燥絲絲仔,指草木缺少水分，沒有光澤的樣子
爪癢爪出血,施為過當，反而變成傷害
浙水,以腳踩水嬉戲
撮鹽,以手指抓鹽
側膁,側邊
砧枋,砧板，切菜剁肉之墊板
砧枋狗,聽到砧板聲，就跑過來的狗。諷喻逐利的人。
揕人,以拳打人
撍印仔,蓋印章
增志,爭氣，有志氣
爭差,1.差別。2.變差。
招老弟,接我之後媽媽所生的男兒，是我所招的弟弟
朝晨頭,早晨
走腥,指動物發情
走大水,1.逃避水患。2.指家禽罹患瘟疫
走過,跑過了頭
走到尾瀉屎,嚇跑了，猶言「嚇得屁滾尿流」
至極,到極點。猶…之最、…之極
置腹,知己
紙伯,厚紙板
紙票,鈔票
紙鷂仔,風箏、紙鳶
紙炮仔,鞭炮
汁桶,盛裝溲水的桶子
執性,固執的個性
執作,權勢、魄力、執行力
針鼻,針孔
針頭線尾,指針黹之事
針無雙頭利,沒有兩頭都尖銳的針，喻人再聰明能幹，也有不能兼顧之處
斟茶,把壺中之茶倒於杯中
正經,1.真正。2.正在持續進行中。
正餐,一天裡的三餐為正餐，其餘為點心
做嬌,撒嬌
做下,全部。應是「做一下」的省略
做手,舞弊
做得,可以
做盡,全部
做寒,寒流來襲
做生理,經商，做生意
做起工,開工時以牲品祭神並宴請工人
做話仔,杜撰言詞來搪塞責任或敷衍他人
做麼个,做什麼，「麼」字受後字之聲母影響常發成màg音
做無出處,做不出什麼名堂
做媒人打出本,喻出錢出力給人家做事
灶下,廚房
灶頭,即灶
灶頭背打餔娘,歇後語，灶頭背打娘‧出手毋得。喻沒有用武之地
糟腸扡肚,腸胃中缺乏油脂想吃肉的感覺
糟狼酒狽,謂狼狽不堪貌
早上,早先，指先前時刻。又說「上早」
早季,台灣中、北部的農耕分兩期，上半年為一期，稱「早季」
早三朝當一工,早起三天勝過一工，勸人早起勤奮工作
左捭犁,左撇子
心,喻甜過度，如「甜到心」。也說（zòdxím）
桌心,放在桌子中央的主菜
桌桱,支撐桌腳的橫木
斫柴,砍木柴做燃料
著衫褲,穿衣服
著共條褲,喻一起成長或志同道合的人
作渴,感到口渴
捉包,拆穿人的陰謀
捉猴,喻捉姦
捉猴入山,喻做事反其道而行
捉貓子看貓嫲,諺語，捉貓子看貓嫲，討心舅看爺娘。孩子的品種來自於父母，欲知其好壞，觀其父母便得知
嘴扁,想哭的樣子
嘴碼,開口與人說話問候的態度
嘴擘擘,口張開的樣子。引申為失望的樣子
嘴勺勺仔,聽或看得入神的樣子
嘴甜舌滑,油腔滑調，善於說好聽的話
嘴硬尸胐冇,嘴巴說得斬釘截鐵的，做的時候卻不那麼一回事。喻光說不練
朘子,罵人愚笨
錐人,敲詐人
鑽泥空,喻死掉了。也說「囥泥空」
磚頭磚截,斷裂的磚塊
轉水,如糖鹽等結晶體受潮變液體的現象
轉來,回來
轉屋,回家
轉夜,傍晚放工回家
轉酒,醉酒嘔吐
轉擺,1.下一次。2.中場休息
轉妹家,回娘家。女子未嫁時還是人家的「妹仔」，出嫁後就成為人家的媳婦、孩子的娘，故稱「娘家」為「妹家」
轉長山,回大陸原鄉，指歸天
壯旺,壯盛，強健
莊頭,村莊
長黍仔,青春痘
掌牛,牧牛或看管牛
掌屋,看家
掌更,值夜
掌牛哥仔,牧童
註文,預購，訂購，預約
咒過罵絕,詛咒人橫屍野外，連毛髮也化滅；詈罵人斷滅後嗣，連子孫都滅絕。
咒上咒下咒自家,喜歡詛咒他人者，終究自己遭殃
豬紅,豬血。「血」與「歇」同音，歇是「停止」之義。為避諱，改以「紅」稱之，血是紅色，紅表吉祥。
豬利,豬舌。因「舌」與「蝕」同音，生意人忌諱「蝕本」，而以吉利之話來說，故改說「利」
豬哥,1.公的種豬。2.喻好色之徒
豬狗,罵人似禽獸
豬嫲,母豬
豬欄,豬圈，豬舍
豬小肚,豬膀胱
豬哥牙,乳牙未脫，其旁所斜生的永久齒
豬旺仔,豬血。「血」與「歇」客語同音，歇是「停止」之義，生意人諱言之，而以吉利之話「旺」來說，冀其興旺之意也。也作「豬衁仔」。
豬腰仔,豬的腎臟
豬接杓,餵豬時，豬隻搶食杓中食物的情形，喻搶嘴說話的行為
豬膽肝,醃漬後曬乾的豬肝
豬籠粄,客家米食的一種，捏成豬籠形內包餡的粄食。即「菜包」、「菜包粄」
豬腸炒薑絲,客家菜的一種，是把豬大腸和薑絲、蒜在熱鍋中一起炒，再配上一點醋等佐料而成
主顧,時常光顧的主要顧客
主人打幫客,主人趁宴客的機會，慰勞一下自己
拄固,1.牢固。2.引申為強壯
阻阻隔隔,很多障礙
祖公業,祖宗留傳的產業，習俗上子孫必須一直留守下去
竹笐,竹筒
竹棑,竹筏
竹蔗仔,植物名，即白甘蔗，多用於製糖
粥水,飯湯，或稀飯湯
醉摸摸仔,形容很醉
贅水,1.水滴於紙而擴散的樣子。2.身體上某部位浮腫的樣子
錐錐,形容凸起尖尖的形狀
觜人,鳥類以嘴啄人
圳溝,水溝
圳底牛,歇後語，圳底牛•兩片食。喻左右逢源
撙螺絲,拴緊或取下螺絲
準堵好,姑且如此
準飯食,當作飯吃
中意,合意
種觔斗,翻觔斗
種崩崗,跌入懸崖或跳崖自殺
粽擐,用來綑綁粽子的繩子，多條綁在一起，擰成一個提把
中人,仲介之人
舂臼,舂米之臼
舂粢打粄,製作各種糕餅米食，形容準備慶典之熱鬧情況
蹖上跌落,形容忙裡忙外，沒得安寧的樣子
蹖頭磕額,形容忙碌奔波，忙得灰頭土臉的樣子
種草,指品種
總下,全部
